commit	date	paths	disposition	reason	decision_threads	evidence_ids
2bcde626ece26c2965192b2067b99528f9997a7f	2026-03-29T12:00:03+02:00	docs/LOCAL_LLM_DISTAGE_APP_MODEL.md;docs/LOCAL_LLM_IZUMI_DISTAGE_BIO_REFERENCE.md	deep	RJ — Full new documents inspected; domain resource ownership and limits on reusable abstractions may affect BeautyQ architecture. The broad BIO material is retained only as governance context, not proof of a BeautyQ-specific migration.	T-01,T-02	E-0001,E-0002,E-0003
b9412ac2195394688f23a0039d41b130876d1eb3	2026-03-29T22:27:31+02:00	docs/LOCAL_LLM_TAPIR_HTTP_REFERENCE.md	deep	RJ — Defines HTTP architectural boundary and normative contract owner; full addition inspected.	T-03	E-0004
bea2a2f701b51f339b23794cc92f9a9cda2d7a65	2026-03-29T23:23:50+02:00	docs/LOCAL_LLM_TAPIR_HTTP_REFERENCE.md	deep	RJ — Changes canonical reuse and documentary derivation ownership; read with the prior complete reference.	T-03	E-0005
5a948ad4bb1cfb8398cc117fe3b46e7dc9654f6e	2026-04-05T14:47:16+02:00	AGENTS.md	deep	RJ — Architectural scope constraints included conservatively as repository governance; no BeautyQ-specific origin is inferred.	T-02,T-04	E-0006
7c5a097bbecabc8ddda4a3ecf5bdfc1974a3e004	2026-04-07T13:20:25+02:00	AGENTS.md	semantic-scan	RJ — Minor context wording in the governance lineage; no new architecture decision inferred.		E-0007
0923836923e341c46a34ca936a2a9e85d0143f6c	2026-04-07T13:22:15+02:00	AGENTS.md	deep	RJ — Small wording deletion changes the explicit scope-control inventory; consequence remains uncertain.	T-04	E-0008
b1fc9e9a46347e4cb0d10dd88ad1de800808ca89	2026-04-07T14:52:57+02:00	AGENTS.md;docs/LOCAL_LLM_TAPIR_HTTP_REFERENCE.md	deep	RJ — Defines documentary/workflow authority; complete before/after changes inspected.	T-04	E-0009
bc0240dd6925bfef378fb75fd13f933f10a16613	2026-04-07T15:31:00+02:00	AGENTS.md	deep	RJ — Refines artifact ownership and failure-record governance.	T-04	E-0010
37fb952d52feb64e2b9712804eeb5720d1d4e038	2026-04-07T16:11:24+02:00	AGENTS.md	deep	RJ — Adds an evidence gate for architectural statements.	T-04	E-0011
e685915ee42cb6ef3d68e8dd4f1769604d6e7ead	2026-04-07T20:01:08+02:00	AGENTS.md	deep	RJ — Introduces a completeness condition for structural retirement decisions.	T-04	E-0012
38fe0a1cccb6d774937694166054846aedf3b384	2026-04-07T20:12:08+02:00	AGENTS.md	clerical	RJ — Inspected equivalent editorial consolidation in the relevant governance lineage.		E-0013
d0ce3bd4fcd6e07bb1d6f6ce046118278086d0ba	2026-04-07T21:01:16+02:00	AGENTS.md	clerical	RJ — Inspected grammar-only change in artifact-report wording.		E-0014
1984eb85ef17069bc0c89636e9600de87a69a47b	2026-04-07T21:14:20+02:00	AGENTS.md	deep	RJ — Adds scope expansion and justification requirements.	T-04	E-0015
3aa2fc90f2515a3e40642be95e076bbce6746156	2026-04-07T21:30:47+02:00	AGENTS.md	deep	RJ — Changes the structural-accounting schema and its removal gate.	T-04	E-0016
e22133fb760c32df72603900d65587015d20850c	2026-04-07T21:47:25+02:00	AGENTS.md	deep	RJ — Changes preliminary inventory from a removal commitment to a conditional planning input.	T-04	E-0017
a8187ce3ed7dd08efc1fd75cb7b58d1ecf77d872	2026-04-07T22:07:41+02:00	AGENTS.md	deep	RJ — Changes requirement strength by workflow stage.	T-04	E-0018
0921726bdeb65e3018396bc67977980691bed1b9	2026-04-07T22:15:56+02:00	AGENTS.md	deep	RJ — Introduces an explicit derived-versus-authoritative documentary boundary.	T-04	E-0019
f5c271e37bb0038a41c945d03421f39499947a85	2026-04-08T12:21:44+02:00	AGENTS.md	deep	RJ — Strengthens evidence/reporting scope, with incidental scratch-location policy.	T-04	E-0020
411433df283ce3fdf1e9e801335ce5ff58406511	2026-04-08T16:58:13+02:00	AGENTS.md	deep	RJ — Refines architectural evidence and mandatory proof requirements.	T-04	E-0021
de13f78ad33a4bf74c2e9f0dc51b2bac4b0bdf72	2026-04-08T22:02:02+02:00	AGENTS.md	semantic-scan	RJ — Clarifies the existing structural-evidence rule without a new decision.		E-0022
4a03c4970c4a0436cb823af481590e04ef073e7c	2026-04-08T23:47:29+02:00	AGENTS.md	deep	RJ — Material removal/consolidation of governance requirements; deletion does not prove rationale transfer.	T-04	E-0023
3fe487d1a46dcfe37434fa166a4386ec875a5e98	2026-04-09T14:30:16+02:00	AGENTS.md	semantic-scan	RJ — Content-based consolidation; prior and resulting rule sets inspected.	T-04	E-0024
4edcf5d43414e5d58182d4c59f33b8a83b819054	2026-05-27T00:14:13+02:00	AGENTS.md	deep	RJ — Retires a governance owner; destination and rationale are not established by deletion.	T-04	E-0025
919a87de9725571d9bed4148a549d0d5538ff246	2026-06-02T22:35:48+02:00	AGENTS.md	deep	RJ — Recreates governance with explicit product model invariants and consolidated migration/resource policy; full new document read.	T-01,T-02,T-03,T-30	E-0026,E-0027
df986b3b2438501d2447afc80882327ae32ba2b1	2026-06-03T13:30:53+02:00	beautyq_search_eval_plan_v1.md	deep	RJ — Defines product/search result semantics, benchmark purpose, scoring priorities and deferred evaluation goals; complete addition inspected.	T-05	E-0028,E-0029
78585fb8ca29759ce0644bf639092669ec103d1c	2026-06-03T13:45:41+02:00	docs/beautyq-search-dsl-v1.md	deep	RJ — Full new DSL document inspected: canonical semantics, product result assembly, interpreter responsibilities and regression ownership.	T-05,T-06,T-07	E-0030,E-0031
87fc8806a67bac469527ba79d0c463f4354ded2a	2026-06-03T14:08:34+02:00	docs/beautyq-search-dsl-v1.md	deep	RJ — Adds mandatory request-policy ownership in DSL rather than local interpreter constants.	T-06	E-0032
a39bdeeed1b103f9cbb8b706cab86849679e8193	2026-06-03T15:20:05+02:00	docs/search-dsl-domain-onboarding.md	deep	RJ — Full onboarding addition inspected: reusable/domain boundary, current single-domain limit and retrospective happy-path account.	T-02,T-05,T-06,T-07,T-29	E-0033,E-0034,E-0035
a35725347a65fed356f14c1448b8ece8fbc4ca4a	2026-06-03T15:40:28+02:00	docs/beautyq-search-dsl-v1.md;docs/search-dsl-domain-onboarding.md	deep	RJ — Defines evaluation status plus mandatory sequencing and limits on permissible semantic fixes.	T-07,T-15	E-0036
1e0b0f345bea0fe713c366da6d8c156515e1259a	2026-06-03T17:28:19+02:00	AGENTS.md	deep	RJ — Search-specific governance formalizes semantic ownership and constrains evaluation fixes.	T-07,T-15	E-0037,E-0038
8f257ce17213e5058f056860c20399905046f73f	2026-06-03T17:47:19+02:00	docs/beautyq-search-dsl-v1.md;docs/search-dsl-domain-onboarding.md	semantic-scan	RJ — Read both documentary diffs: incremental PMU coverage status, with existing architecture and coverage workflow unchanged.		E-0039
52d330ad9c5f66f08097be1ccb4d0b0349acb650	2026-06-03T18:15:42+02:00	AGENTS.md	deep	RJ — Adds documentary update policy and evidence-derived counts alongside contextual dictionary limits.	T-07	E-0040
51f030b7fade8b560402816570611b9b698cecfd	2026-06-03T18:41:36+02:00	AGENTS.md	deep	RJ — Complete before/after search-governance rewrite read: explicit task modes strengthen restrictions.	T-15,T-16	E-0041
a31fe2e3866dcfa0e40ce0395ee6feecb35c2474	2026-06-03T19:45:53+02:00	docs/beautyq-search-dsl-v1.md;docs/search-dsl-domain-onboarding.md	deep	RJ — Introduces an explicit lexical scope boundary rather than a routine count update.	T-07,T-29	E-0042,E-0043
656586938f65d2db0b21f4dccb3fe30708526b2f	2026-06-03T19:50:42+02:00	docs/search-dsl-qdrant-vector-backend.md	deep	RJ — Full future vector-backend proposal inspected, including alternatives, disabled default and evaluation gates.	T-08	E-0044,E-0045
c00fdd256a4e40e276b29fe7da1d1b60dd4f58bf	2026-06-03T22:09:42+02:00	AGENTS.md	deep	RJ — Makes vector/embedding isolation and rollout prerequisites binding governance.	T-08,T-14,T-18	E-0046
94148e1fc1f7b9c0e5502f0a4963dfa2ecf85bea	2026-06-04T00:39:10+02:00	docs/beautyq-search-dsl-v1.md;docs/search-dsl-domain-onboarding.md;docs/search-dsl-qdrant-vector-backend.md	deep	RJ — Changes future vector status to a documented separate evaluated backend and strengthens limits on rollout inference.	T-08	E-0047,E-0048
42166e1ef5d30b303ba8b3311f9ab23cfe6b3c2d	2026-06-04T00:55:50+02:00	AGENTS.md	deep	RJ — Defines backend responsibilities and required production-hybrid gates in governance.	T-09	E-0049
3e93410d910492cf84078b9dd199dc1dc651a063	2026-06-04T01:06:15+02:00	docs/search-dsl-hybrid-v1-plan.md	deep	RJ — Entire hybrid proposal inspected, including options A–D and status caveats.	T-08,T-09,T-10	E-0050,E-0051,E-0052
da36eacdefe2f796d12d1d463725304a7c6c6ee3	2026-06-04T02:11:35+02:00	AGENTS.md	deep	RJ — Read full governance rewrite; adds Qdrant/hybrid modes and retains distinct authority and approval boundaries.	T-07,T-09	E-0053
8b1ad589ffaef25e1c1327859e5d24c214b5f9c9	2026-06-04T02:55:34+02:00	docs/http-legacy-json-contracts.md	deep	RJ — Full HTTP inventory read; material Beauty domain compatibility and migration planning.	T-03	E-0054
dbf04507f3e3c878bdaa2c67731fd80cd31e7bce	2026-06-04T03:17:47+02:00	docs/http-legacy-json-contracts.md	deep	RJ — Small change moves a Beauty endpoint from legacy to typed normative status.	T-03	E-0055
2a49c140d0eba447c1d5942e87edc027b26e2163	2026-06-04T03:29:59+02:00	docs/http-legacy-json-contracts.md	deep	RJ — Small change moves category lookup from legacy to typed normative status.	T-03	E-0056
f71d9ec69de687cd2cc7891449e10818e8ded454	2026-06-04T09:43:34+02:00	AGENTS.md;docs/http-legacy-json-contracts.md	deep	RJ — Read full AGENTS consolidation and HTTP inventory update; semantic requirements are added and removed.	T-03	E-0057,E-0058
37fcde2ed5831147c788a106ba8d10d5051ea8f6	2026-06-04T09:58:03+02:00	docs/http-legacy-json-contracts.md	deep	RJ — Material typed-contract transition despite low churn.	T-03	E-0059
1e2cc23c0da7bbf1a185643dba1ca491d27a0bcb	2026-06-04T10:07:17+02:00	docs/http-legacy-json-contracts.md	deep	RJ — Material offer-contract and migration-inventory transition.	T-03	E-0060
b1b5bce5740446bb4f3c3d1b31737c7cbfde2a9c	2026-06-04T10:16:43+02:00	docs/http-legacy-json-contracts.md	deep	RJ — Narrows the inventory scope and changes interpretation of an earlier migration candidate.	T-03	E-0061
787f3a7f30feb346ff9f03d7c4b59f6b056dcee5	2026-06-04T10:26:59+02:00	docs/http-master-service-offer-variant-typed-get-plan.md	deep	RJ — Full variant migration plan read with explicit compatibility and storage/codec non-goals.	T-03,T-30	E-0062
b7417c619a76542ba84bbdc30a2619ff27e0f5c4	2026-06-04T10:47:26+02:00	docs/http-legacy-json-contracts.md	deep	RJ — Closes the documentary Beauty typed migration while retaining an explicit out-of-scope legacy case.	T-03	E-0063,E-0064
2589e53d4f08e1e0dc70f0034b70c0a65c019daa	2026-06-04T12:46:24+02:00	AGENTS.md	deep	RJ — Full governance rewrite inspected, including lifecycle proof discipline and a conflicting endpoint status.	T-01	E-0065
92845defe3de61d451385cde4884a657f93cd226	2026-06-04T15:42:16+02:00	AGENTS.md	deep	RJ — Full governance revision changes verification strength and current documentary status.	T-15	E-0066
be004c777b6770f75250f645d82862da5fc631e9	2026-06-05T00:39:53+02:00	AGENTS.md	deep	RJ — Resource/verification policy distinguishes compile cleanup from runtime environment state.	T-15	E-0067
bd653ad259838838ee2b8f6a16413b1bc667dfac	2026-06-05T01:10:11+02:00	docs/search-dsl-hybrid-v1-plan.md	deep	RJ — New routing-metadata section defines missing authority and safe future integration.	T-09	E-0068
8fdc01feb4e176117b4151fed5cf8f9738e2c59e	2026-06-05T01:54:47+02:00	docs/search-dsl-hybrid-v1-plan.md	deep	RJ — Low-churn changes materially narrow routing eligibility.	T-09	E-0069
00dbf7758a468639cb4d889343568e0a193a8473	2026-06-05T02:45:38+02:00	AGENTS.md;docs/search-dsl-hybrid-v1-plan.md	duplicate	RJ — Full changed-document content inspected; AGENTS and hybrid-plan endpoints are byte-identical to ordinal 90, and this branch patch combines the already inspected changes at ordinals 87–90 (Git documentary diff 91→90 empty).	T-09,T-15	E-0070
d4745ccf708594fa6bab7aed71c69e5693a236a6	2026-06-05T21:31:20+02:00	docs/search-dsl-hybrid-v1-plan.md	deep	RJ — Strengthens the boundary between available experimental seams and production readiness, with missing lifecycle/operational contracts and explicit prohibitions.	T-09	E-0071
ccbc29e7824447c1f325506c4b9f0de638b6b5cc	2026-06-05T21:43:15+02:00	docs/search-dsl-hybrid-v1-plan.md	duplicate	RJ — Inspected full patch; hybrid-plan old/new blob transitions match ordinal 92 (4b9abee0→5792d3ba), and full-path Git comparison is empty.	T-09	E-0072
77a510e13c1da61bc72590fc9a56a3bc5c8ae9fe	2026-06-05T23:29:21+02:00	AGENTS.md	deep	RJ — Introduces a concrete seed-readiness dependency rule and permits user-run full verification, while compressing architecture/status guidance.	T-01,T-04,T-06,T-07,T-10,T-15,T-18,T-44	E-0073,E-0074
5d521fbf82297acf9ab38b57944f2f9b79ceb62d	2026-06-06T00:21:59+02:00	docs/search-dsl-qdrant-vector-backend.md	deep	RJ — Adds explicit collection identity, compatibility and rollout constraints with a pure-policy next step.	T-11	E-0075
5f80d8f380433537697d600b0c55c4ce2e7b979a	2026-06-06T02:13:52+02:00	AGENTS.md;docs/search-dsl-qdrant-vector-backend.md	duplicate	RJ — Full changed content repeats ordinals 94–95; both changed-path final blobs equal ordinal 95 and the before/after transitions match those inspected patches.	T-01,T-04,T-06,T-07,T-10,T-11,T-15,T-18,T-44	E-0076
6749ca53d42e6cfd997cd77ad7569b34f4dabef3	2026-06-06T10:41:10+02:00	docs/search-dsl-qdrant-vector-backend.md	deep	RJ — Changes the recommended next step from pure policy to guarded experiment composition and records compatibility-before-snapshot sequencing.	T-11	E-0077
c037f86d8918b82ddd965a26a2c0e6a7f20e5a88	2026-06-06T11:52:13+02:00	docs/search-dsl-qdrant-vector-backend.md	deep	RJ — Makes experimental readiness ordering and failure behavior explicit, including optional model metadata.	T-11	E-0078
d5ea7fa11e83b93cdfe5e0a151671afd6a1d6685	2026-06-06T12:16:08+02:00	docs/search-dsl-qdrant-vector-backend.md	duplicate	RJ — Full patch combines ordinals 97–98 with matching prior/final blobs; full Qdrant-path comparison against ordinal 98 is empty.	T-11	E-0079
1e888453a3912e08094f9dc4296ebadce855c808	2026-06-06T12:35:25+02:00	docs/search-dsl-qdrant-vector-backend.md	deep	RJ — Replaces the future-step note with a current experimental architecture and adds source-of-truth, activation, diagnostics and rollout requirements.	T-11,T-12,T-14	E-0080,E-0081,E-0082
17c87180154219284d031326b0538bc3fd800a9f	2026-06-06T16:06:34+02:00	docs/search-dsl-qdrant-vector-backend.md	duplicate	RJ — Entire documentary patch body is byte-identical to ordinal 100, including all hunks and blob transitions.	T-11,T-12,T-14	E-0083
82092d34a4df8f7a95b82f7cf903dcd394c694b7	2026-06-06T16:20:24+02:00	docs/search-dsl-qdrant-vector-backend.md	deep	RJ — Adds a measured model-choice rationale, proof limitations, benchmark hardening and activation TODOs.	T-08	E-0084
db49d2a6da17281409961479e24f28adec357f27	2026-06-06T16:36:15+02:00	docs/search-dsl-qdrant-vector-backend.md;docs/search-dsl-qdrant-vector-backend.updated.md	deep	RJ — Renames the note and changes immediate direction to no wiring without a real graph consumer, preserving explicit experiment ownership.	T-04,T-08,T-12,T-14	E-0085,E-0086,E-0087
fdf5a5cbd0c89475c94c54c32f8e5646ea2e4d67	2026-06-06T17:43:48+02:00	docs/search-dsl-qdrant-vector-backend.md;docs/search-dsl-qdrant-vector-backend.updated.md	deep	RJ — Returns the note to its original path while defining a generic indexing boundary and point-id constraints.	T-04,T-11	E-0088,E-0089
bf5f5f72d838ba25a3d3e12cf818139105f08f68	2026-06-06T17:57:03+02:00	docs/search-dsl-qdrant-vector-backend.md	deep	RJ — Adds reusable order-preserving hydration/assembly but conditions further projector work on another-domain need.	T-02,T-29	E-0090
09edade19db0fb6c2aa24f6c8f4c383e317bb484	2026-06-06T18:14:44+02:00	docs/search-dsl-qdrant-vector-backend.md	deep	RJ — Records a generic projector boundary and explicitly limits what can move out of BeautyQ.	T-02,T-29	E-0091
b6e0b8ace8c630ceb4a6789716bad17c1860e725	2026-06-06T18:21:42+02:00	docs/search-dsl-qdrant-vector-backend.md	deep	RJ — Separates reusable semantic retrieval from the retained domain adapter and moves next-step scope to lexical results.	T-10	E-0092
65ed4079ae36dde6714c29951e1a6842999bf2bc	2026-06-06T18:38:50+02:00	docs/search-dsl-qdrant-vector-backend.md	deep	RJ — Extends the declared reusable boundary to lexical hits without moving response policy.	T-10	E-0093
7f4f130921ebbb849b502d62b2ebbe4de9ca94d9	2026-06-06T18:42:00+02:00	docs/search-dsl-qdrant-vector-backend.md	deep	RJ — Defines hybrid channel storage and diagnostics while excluding execution/ranking policy.	T-10	E-0094
5e998c1760a9c1492aa9f9fb679fbd0f38fc5cbe	2026-06-06T18:47:39+02:00	docs/search-dsl-hybrid-v1-plan.md;docs/search-dsl-qdrant-vector-backend.md	deep	RJ — Synchronizes both owners on container-versus-policy boundaries and domain merge design as the next prerequisite.	T-10	E-0095
7edbb56336bf7fb84293179cda4c14105c977fc7	2026-06-06T18:48:31+02:00	docs/search-dsl-hybrid-v1-plan.md;docs/search-dsl-qdrant-vector-backend.md	duplicate	RJ — Full two-path patch inspected; it combines earlier Qdrant lineage changes and ordinal 110, with both final blobs identical to ordinal 110.	T-10	E-0096
673f144e2378ab942259f396a56bda604e623205	2026-06-06T18:58:34+02:00	docs/search-dsl-hybrid-v1-plan.md;docs/search-dsl-qdrant-vector-backend.md	deep	RJ — Qualifies genericity and point-id range, adds evidence-validity follow-ups, and conditions further abstractions on concrete need.	T-02,T-08	E-0097,E-0098
9d935e5091973204476b18f53b9f3dd492f1c509	2026-06-06T19:18:34+02:00	docs/search-dsl-qdrant-vector-backend.md	semantic-scan	RJ — Content changes mark already specified diagnostic/benchmark corrections done and update next-step status without introducing a new merge/routing contract.	T-08	E-0099
045df0990beadcd8b9de5a3ba0ad63323076dc14	2026-06-06T19:25:09+02:00	docs/search-dsl-hybrid-v1-plan.md;docs/search-dsl-qdrant-vector-backend.md	deep	RJ — Defines the BeautyQ merge surface and ownership, removes earlier possible zero-hit fallback language and makes pure policy the next gated work.	T-09,T-10	E-0100,E-0101
9317c660c6493400d63cbbf4e43a051e9b25bd84	2026-06-06T19:47:04+02:00	docs/search-dsl-hybrid-v1-plan.md;docs/search-dsl-qdrant-vector-backend.md	deep	RJ — Specifies actual pure merge ordering/deduplication and hydration failure semantics, while making score display a separate decision.	T-10	E-0102
7869f6d3b65b91bf075ea0df89e08dba40788a38	2026-06-06T20:10:09+02:00	docs/search-dsl-hybrid-v1-plan.md;docs/search-dsl-qdrant-vector-backend.md	deep	RJ — Distinguishes display scores and a variant-only response from ranking or full response parity.	T-10	E-0103
28a1b80ae6039ba92e5f834a499f706ae3a09be4	2026-06-06T20:35:20+02:00	docs/search-dsl-hybrid-v1-plan.md;docs/search-dsl-qdrant-vector-backend.md	deep	RJ — Defines domain grouping/order and deliberately leaves response score mapping pending.	T-05,T-10	E-0104
85a54ff0d50902226a0a4d88c2afdb89827c2d13	2026-06-06T20:44:25+02:00	docs/search-dsl-hybrid-v1-plan.md;docs/search-dsl-qdrant-vector-backend.md	deep	RJ — Decides display-only mapping into legacy-named score fields and records explicit adapter limitations.	T-05,T-10	E-0105
12f30629b7ddf5a0578f95272118f693b5c8ca50	2026-06-06T20:50:00+02:00	docs/search-dsl-hybrid-v1-plan.md;docs/search-dsl-qdrant-vector-backend.md	deep	RJ — Adds a pure retrieval-to-response composition contract with diagnostics and propagated hydration failure.	T-10	E-0106
39cc40557ec46620ccb56d42a974ebbec6495d5d	2026-06-06T21:12:38+02:00	docs/search-dsl-hybrid-v1-plan.md;docs/search-dsl-qdrant-vector-backend.md	deep	RJ — Moves beyond pure projection into an injected-backend manual experiment while keeping application activation absent.	T-12	E-0107
146a04495317cee3131e90ea4c2e74bf25789b30	2026-06-06T21:21:07+02:00	docs/search-dsl-hybrid-v1-plan.md;docs/search-dsl-qdrant-vector-backend.md	deep	RJ — Defines explicit experiment activation/wiring ownership and adds prerequisite verification before skeleton wiring.	T-12,T-15	E-0108,E-0109
9a51df6b808f202c9d669409a21cac7f55b4f8d1	2026-06-06T21:31:55+02:00	docs/search-dsl-hybrid-v1-plan.md;docs/search-dsl-qdrant-vector-backend.md	deep	RJ — Records explicit activation factory availability, separates factory from app wiring, and narrows invocation modes.	T-12	E-0110
f2e73682f2c9dc603eaac660cecfa5fa06cb75d1	2026-06-06T21:32:21+02:00	docs/search-dsl-hybrid-v1-plan.md;docs/search-dsl-qdrant-vector-backend.md	duplicate	RJ — Full content delta is byte-identical to the composed 111→122 documentary diff, whose component changes 112–122 were inspected; both final document blobs equal ordinal 122.	T-02,T-05,T-10,T-12,T-15	E-0111
d9f03622bcd9c0ec65850297645ed18dc54e7961	2026-06-06T22:44:04+02:00	docs/search-dsl-hybrid-v1-plan.md;docs/search-dsl-qdrant-vector-backend.md	deep	RJ — Adds explicit spec/input-derived response limits and identifies why a by-value factory does not prove resource gating.	T-10,T-12	E-0112,E-0113
63c01d15dac7d540a891f37561073e3fedd732ee	2026-06-06T23:43:04+02:00	docs/search-dsl-hybrid-v1-plan.md;docs/search-dsl-qdrant-vector-backend.md	deep	RJ — Chooses pure thunk construction safety before optional DI adaptation and introduces a bounded second-domain proof requirement.	T-02,T-12	E-0114,E-0115
d124269012795f6dd3fbecd2e24e2bf182143b07	2026-06-07T00:22:48+02:00	AGENTS.md;docs/search-dsl-hybrid-v1-plan.md;docs/search-dsl-qdrant-vector-backend.md	deep	RJ — Transfers resource/benchmark guardrails to AGENTS and records factory completion with a caller-side limitation.	T-08,T-10,T-12,T-18	E-0116,E-0117
c55cf19690368f7663c6ef50422d3d0f35c7b429	2026-06-07T01:07:26+02:00	docs/search-dsl-hybrid-v1-plan.md;docs/search-dsl-qdrant-vector-backend.md	deep	RJ — Records a bounded second-domain proof and explicitly rejects interpreting it as a complete generic production engine.	T-02	E-0118
499d64c3710ad9916d8509799348bc098a82eec3	2026-06-07T01:30:27+02:00	docs/search-dsl-hybrid-v1-plan.md;docs/search-dsl-qdrant-vector-backend.md	deep	RJ — Extends proof to fake module graph exclusion while retaining a separate real-resource obligation and deferring implementation.	T-12	E-0119
754b21a05d06e0730ba96fd3d27b76f7167cd1d7	2026-06-07T01:49:52+02:00	docs/search-dsl-hybrid-v1-plan.md;docs/search-dsl-qdrant-vector-backend.md	deep	RJ — Expands named benchmark coverage while restating limits on routing/model-choice conclusions.	T-02,T-08	E-0120
8855e4cc35e17543949a023b346e6f81c4f6afd8	2026-06-07T11:58:24+02:00	docs/search-dsl-hybrid-v1-plan.md;docs/search-dsl-qdrant-vector-backend.md	deep	RJ — Narrows the next real-resource work to a semantic-side manual adapter and separates production blockers from v0 eligibility.	T-03,T-11,T-12	E-0121,E-0122,E-0123
f650eb39358bf37f399ec203021c30c872341620	2026-06-07T14:35:32+02:00	AGENTS.md;docs/codebase-review/01-system-map.md;docs/codebase-review/02-domain-model-guide.md;docs/codebase-review/03-repositories-and-persistence.md;docs/codebase-review/04-api-and-http-contracts.md;docs/codebase-review/05-search-and-retrieval-architecture.md;docs/codebase-review/06-tests-and-contracts.md;docs/codebase-review/07-current-gaps-and-roadmap.md;docs/codebase-review/ARCHITECTURE_DECISIONS_OBSERVED.md;docs/codebase-review/INVENTORY.md;docs/codebase-review/PASS_3_AUDIT.md;docs/codebase-review/README.md;docs/codebase-review/REVIEW_NOTES.md	deep	RJ — Creates an architecture-document owner set, qualifies production/search claims, retrospectively interprets decisions and identifies documentary drift; all 13 changed documentary paths read in full.	T-01,T-02,T-03,T-04,T-05,T-06,T-08,T-13,T-14,T-18,T-29,T-44	E-0124,E-0125,E-0126,E-0127,E-0128,E-0129,E-0130,E-0131,E-0132
c6df3381490e630859d429d53c05e28dda55cec4	2026-06-07T14:46:29+02:00	docs/codebase-review/01-system-map.md;docs/codebase-review/03-repositories-and-persistence.md;docs/codebase-review/05-search-and-retrieval-architecture.md;docs/codebase-review/07-current-gaps-and-roadmap.md;docs/codebase-review/PASS_3_AUDIT.md	deep	RJ — Records readiness-rule resolution across owners while preserving the limited original claim.	T-01	E-0133,E-0134
b4903eab695cd71e61bc0dd1b24aeb74b3209658	2026-06-07T14:58:22+02:00	docs/codebase-review/04-api-and-http-contracts.md;docs/codebase-review/05-search-and-retrieval-architecture.md;docs/codebase-review/07-current-gaps-and-roadmap.md;docs/codebase-review/ARCHITECTURE_DECISIONS_OBSERVED.md;docs/codebase-review/README.md	deep	RJ — Sets a contract-first simple lexical/backend path and separates seed readiness from production freshness.	T-13,T-19	E-0135,E-0136
ed795cf926edb253b4e5de18a6254ccb6b458a2e	2026-06-07T15:09:42+02:00	docs/codebase-review/04-api-and-http-contracts.md;docs/codebase-review/05-search-and-retrieval-architecture.md;docs/codebase-review/07-current-gaps-and-roadmap.md	deep	RJ — Introduces a concrete unwired search HTTP contract with deliberately limited proof scope.	T-13	E-0137
fef2c89542e0caa9cb213858c424f32057bdfebd	2026-06-07T15:20:19+02:00	docs/codebase-review/04-api-and-http-contracts.md;docs/codebase-review/05-search-and-retrieval-architecture.md;docs/codebase-review/07-current-gaps-and-roadmap.md	deep	RJ — Documents the thin unwired BeautySearchApi adapter, restates that the plugin is unchanged and no production route exists, and redesignates the next step toward a binding proof or readiness design; full documentation portions inspected.	T-13	E-0138
1c7eaf7d043b48e996ff646f92e98fd4abe7bbb2	2026-06-07T15:32:59+02:00	docs/codebase-review/04-api-and-http-contracts.md;docs/codebase-review/05-search-and-retrieval-architecture.md;docs/codebase-review/07-current-gaps-and-roadmap.md	deep	RJ — Records the fake-backend service binding proof, its explicit non-production limits, and narrows the remaining designated step to backend readiness/freshness design.	T-13	E-0139
34e1596da40ffc53f7f5d7ab3c589fad2ac1a4e4	2026-06-07T15:40:39+02:00	docs/codebase-review/04-api-and-http-contracts.md;docs/codebase-review/05-search-and-retrieval-architecture.md;docs/codebase-review/07-current-gaps-and-roadmap.md	deep	RJ — Adds a dedicated catalog snapshot/in-memory readiness-proof section, reiterates it is a startup readiness shape only, and pivots the next step to production app-graph inclusion boundary design.	T-13	E-0140
2b426f2a4395bf0ef24437a7b1e756d4d77255af	2026-06-07T15:50:26+02:00	docs/codebase-review/04-api-and-http-contracts.md;docs/codebase-review/05-search-and-retrieval-architecture.md;docs/codebase-review/07-current-gaps-and-roadmap.md	deep	RJ — Records the test-only complete app-graph boundary proof and renames the next production step to an explicit production app inclusion patch design.	T-13	E-0141
81c58a0cadf1b3b1dc4685be04c7d0c8962d22cc	2026-06-07T15:59:27+02:00	docs/codebase-review/04-api-and-http-contracts.md;docs/codebase-review/05-search-and-retrieval-architecture.md;docs/codebase-review/07-current-gaps-and-roadmap.md	deep	RJ — Names LeaderboardPlugin.modules.api as the production inclusion gate, requires a disabled-by-default inclusion design with explicit acceptance criteria, and records missing rollback/disable plus the Qdrant/hybrid inclusion prohibition.	T-13,T-19,T-21	E-0142,E-0143
98e1ef85f86a21e6e9cffd7aa61ede15ea5792a0	2026-06-07T16:10:26+02:00	docs/codebase-review/04-api-and-http-contracts.md;docs/codebase-review/05-search-and-retrieval-architecture.md;docs/codebase-review/07-current-gaps-and-roadmap.md	deep	RJ — The disabled-by-default inclusion activation/handle gate is now documented as existing but unused; the production-exposure gap statement flips from missing mechanism to mechanism present without production include.	T-13	E-0144
823f0e2e2927733337a5b0b94de9dd163461ba19	2026-06-07T16:16:22+02:00	docs/codebase-review/04-api-and-http-contracts.md;docs/codebase-review/05-search-and-retrieval-architecture.md;docs/codebase-review/07-current-gaps-and-roadmap.md	deep	RJ — Records the include-module aggregation proof (Disabled contributes no API; Enabled contributes exactly one) and advances the designated next step to the actual LeaderboardPlugin include patch.	T-13	E-0145
a98a5bfaa4f3a64bac69fef0bdb9f3fe2d7cdc9b	2026-06-07T16:44:03+02:00	docs/codebase-review/04-api-and-http-contracts.md;docs/codebase-review/05-search-and-retrieval-architecture.md;docs/codebase-review/07-current-gaps-and-roadmap.md	semantic-scan	RJ — Full inspected diff promotes the include shape from a test-local result to a src/main helper while retaining explicit non-exposure caveats; documents a material status clarification without a new decision.	T-13	E-0146
eb666042a0d8857287e95ccdcdb09f801e37f15e	2026-06-07T16:58:17+02:00	docs/codebase-review/04-api-and-http-contracts.md;docs/codebase-review/05-search-and-retrieval-architecture.md;docs/codebase-review/07-current-gaps-and-roadmap.md	deep	RJ — First document recording LeaderboardPlugin.modules.api binding the disabled inclusion boundary while route exposure and production service/backend bindings remain absent; chains directly onto the processed primary documentary state (not a branch repeat) and is reachable only from the frozen npe refs.	T-13	E-0147
d7fa170fa785c2f9e73a434017ae9b7bb0e28450	2026-06-07T18:41:36+02:00	AGENTS.md;docs/codebase-review/04-api-and-http-contracts.md;docs/codebase-review/05-search-and-retrieval-architecture.md;docs/codebase-review/07-current-gaps-and-roadmap.md	deep	RJ — d8-only squash candidate whose documentation portion states production route exposure through the default modules.api include, the src/main opt-in module chain, and hardening gaps (freshness, observability, kill-switch); its three review-document end states are content-blob identical to the later primary-lineage result at ordinal 149, so it is original at processing time and the equivalence is recorded for that lineage.	T-13	E-0148
eca22b68dd66af26246f6cbc54d4ce46dbb2545d	2026-06-08T14:53:15+02:00	AGENTS.md;docs/codebase-review/07-current-gaps-and-roadmap.md	deep	RJ — Adds the Distage whole-plugin-include hazard guardrail to AGENTS and a matching roadmap section: ad-hoc include(LeaderboardPlugin.modules.api) NPE, search inclusion constructors expressly not proven root cause, targeted modules or testkit fixtures preferred.	T-15	E-0149
2508abf2fd4cf9e7c262a5dcb9fb165fd6605817	2026-06-08T15:07:30+02:00	docs/codebase-review/04-api-and-http-contracts.md;docs/codebase-review/05-search-and-retrieval-architecture.md;docs/codebase-review/07-current-gaps-and-roadmap.md	deep	RJ — Documents the opt-in BeautySearchPluginModules.api helper contributing exactly one API to the real weak many[HttpApi] set while LeaderboardPlugin remains unchanged and inclusion stays blocked on readiness/freshness acceptance.	T-13	E-0150
1c63b50cd44292f0a3c3d55d117459878cfa0ef6	2026-06-08T15:07:35+02:00	docs/codebase-review/04-api-and-http-contracts.md;docs/codebase-review/05-search-and-retrieval-architecture.md;docs/codebase-review/07-current-gaps-and-roadmap.md	deep	RJ — Documents the src/main ready-catalog helper, typed factory and opt-in seedResourceInMemory backend/service module, each with explicit non-production and no-freshness-semantics caveats.	T-13	E-0151
81c29cc14d5e7b662f8cc12160070aa5f0862fc6	2026-06-08T15:07:40+02:00	AGENTS.md;docs/codebase-review/04-api-and-http-contracts.md;docs/codebase-review/05-search-and-retrieval-architecture.md;docs/codebase-review/07-current-gaps-and-roadmap.md	deep	RJ — Documents the composed opt-in end-to-end route module with smoke proof and expands acceptance criteria to activation/readiness/freshness-staleness; separately removes the sbt --shutdown instruction from AGENTS (inspected in its documentation portion).	T-13	E-0152
3129147c094388db460db5dce97b5e758b5373ab	2026-06-08T15:12:28+02:00	docs/codebase-review/04-api-and-http-contracts.md;docs/codebase-review/05-search-and-retrieval-architecture.md;docs/codebase-review/07-current-gaps-and-roadmap.md	deep	RJ — Primary-lineage exposure flip: default modules.api includes the seed-catalog/in-memory route module; lexical/simple/catalog-first explicitly non-ES/Qdrant/hybrid; freshness, replacement, observability and kill-switch become the named remaining gaps and the hardening redesignation of the next step.	T-13,T-14	E-0153
024433792a4fdff0f2972b64f1f75d84fad6a8a6	2026-06-08T15:19:28+02:00	docs/codebase-review/04-api-and-http-contracts.md;docs/codebase-review/05-search-and-retrieval-architecture.md;docs/codebase-review/07-current-gaps-and-roadmap.md	deep	RJ — Demotes the disabled-by-default inclusion activation/handle to a staging/helper boundary that is not the active route gate, restates direct exposure through the default include, and keeps a real kill-switch as future hardening.	T-21	E-0154
1cf586cacf0e1f435ed848cf2a87c11ccb28b7e6	2026-06-08T15:19:28+02:00	docs/codebase-review/04-api-and-http-contracts.md;docs/codebase-review/05-search-and-retrieval-architecture.md;docs/codebase-review/07-current-gaps-and-roadmap.md	deep	RJ — Adds coordinate and query-parameter behavior characterization through the production graph with an explicit current-behavior vs desired-final-validation separation (no range/length validation today).	T-03	E-0155
548a24e9d59d1fcde4f7d20c75c963bce81d39af	2026-06-08T15:19:28+02:00	docs/codebase-review/04-api-and-http-contracts.md;docs/codebase-review/05-search-and-retrieval-architecture.md;docs/codebase-review/07-current-gaps-and-roadmap.md	deep	RJ — Characterizes invalid-request behavior as 500 with empty body across malformed/empty/typed/missing input and lists typed 4xx, structured errors, validation, observability and kill-switch as the desired-contract gap.	T-03,T-21	E-0156
5e09a1b0895cca8994ba0d76bbe572a2590522d4	2026-06-08T15:19:28+02:00	docs/codebase-review/05-search-and-retrieval-architecture.md;docs/codebase-review/07-current-gaps-and-roadmap.md	semantic-scan	RJ — Appends ready-catalog-documents validation outcomes (Right/Left rejection cases) to existing helper claims with the explicit limits that this is startup readiness validation, not freshness policy.	T-19	E-0157
8015470597f5741c1a20518ee792ee51a67735e8	2026-06-08T15:19:28+02:00	docs/codebase-review/04-api-and-http-contracts.md;docs/codebase-review/05-search-and-retrieval-architecture.md;docs/codebase-review/07-current-gaps-and-roadmap.md	deep	RJ — Characterizes limit behavior through the production graph and records seven new named blockers including undefined freshness bounds, missing observability surface, missing kill-switch and the express statement that Qdrant/hybrid/Elasticsearch are not production backends for this route.	T-21	E-0158
5c795b3f75485f218a7ccae98306f3e2af6644db	2026-06-08T15:36:04+02:00	AGENTS.md	deep	RJ — Reorganizes repository governance: new Purpose, no-copy-dependency and commit-message rules, prompt/agent discipline with model thinking-budget tiers, and docs-cadence rules that shape how BeautyQ search evidence is produced and maintained.	T-15,T-16	E-0159
a3a5280ecd7190537b836fb0963bd92cfb3d8fe3	2026-06-08T20:17:43+02:00	AGENTS.md	deep	RJ — Promotes FP test-style guardrails to standing governance, including the whole-plugin-include prohibition and accepted-var exception framing derived from the search refactor lessons.	T-15	E-0160
9e5d6b0a1122b39f32375f4fd991776ad20dc073	2026-06-08T20:53:55+02:00	AGENTS.md	deep	RJ — Defines the Ref-fixture vs Ref-spy taxonomy, the Expecting/Scripted/FailIfCalled/Stub naming policy and names BeautySearchAppGraphBoundarySpec.ExpectingBeautySearchBackend as the canonical reference pattern.	T-15	E-0161
40821fa123f87d15d02ef1b4fdcf9d0af06ecf8e	2026-06-08T21:16:15+02:00	AGENTS.md	clerical	RJ — Inspected equivalent rewording of the two Ref fixture/spy bullets (whitebox-smell phrasing softened); no rule change.		E-0162
351a3a1ae56a20afb8f330f2a62ce165594edc56	2026-06-09T12:49:42+02:00	AGENTS.md	deep	RJ — T011 promotion after documentary reopen: full AGENTS diff is a standing-governance restructure — the FP test-style subsections were folded into a Constructive test taxonomy section (intention/encapsulation/isolation axes, dual-test tactic, fixture prefer/avoid lists, Expecting/Scripted/FailIfCalled/Stub double naming, communication-test rules), the include guardrail was rewritten with named alternatives and an intermittent-failure full-suite requirement, verification labels gained a FULL-GREEN caveat for known pre-existing external-suite failures, a 2048 thinking tier was added, and the route characterization was restated compactly (previously scanned as minor consolidation).	T-15	E-0163
0ca25c515c26ed93515265f6e351d8086dbc989d	2026-06-09T15:17:17+02:00	AGENTS.md;docs/codebase-review/05-search-and-retrieval-architecture.md;docs/codebase-review/07-current-gaps-and-roadmap.md;docs/search-dsl-hybrid-v1-plan.md	deep	RJ — Declares the non-production real-resource Qdrant/hybrid manual runner a reached milestone with explicit lifecycle gates, env-gated real smokes, and recorded full-suite validation numbers, while production remains seed-catalog in-memory.	T-08,T-12,T-13	E-0164
837ae74ba933a38a62d856bbe45628afcf8c24cd	2026-06-09T15:48:49+02:00	AGENTS.md;docs/codebase-review/05-search-and-retrieval-architecture.md;docs/codebase-review/07-current-gaps-and-roadmap.md;docs/search-dsl-hybrid-v1-plan.md	deep	RJ — Reattributes the full validation pass to a user-verified external run and aligns the app-graph spec description to the expecting-fake taxonomy; a material evidence-attribution change.	T-15	E-0165
e4bfaa0eeeb14aeb69527e080637ed12c8e1233c	2026-06-09T17:19:26+02:00	docs/codebase-review/07-current-gaps-and-roadmap.md	deep	RJ — Names the current phase A→B production-hybrid control-plane v0 with three runtime modes and asserts the control-plane types are required preparation, explicitly not route wiring and not a roadmap deviation.	T-18,T-22	E-0166
1671c32e90513fcea56648d7ec6172aa83651e3a	2026-06-09T19:03:04+02:00	docs/codebase-review/05-search-and-retrieval-architecture.md;docs/codebase-review/07-current-gaps-and-roadmap.md;docs/search-dsl-hybrid-v1-plan.md	deep	RJ — Records the full control-plane v0 inventory and conservative serving/evaluator contract (default SeedCatalogOnly; shadow never affects responses; serve only when Ready; NotReady falls back conservatively) with repeated non-production-wiring caveats.	T-18	E-0167
48697b939f3c25f0ef52af7e04636c6dfca19c22	2026-06-10T01:32:24+02:00	AGENTS.md;README.md	deep	RJ — Retires the Purpose, prompt-discipline, thinking-budget, docs-cadence and verification-label governance sections from AGENTS while README absorbs an environment-gated full-suite launch procedure including Qdrant/LLama real-resource smoke variables; a documentary ownership relocation inspected in its documentation portion.	T-16	E-0168
0d6df6c278f7bac33ca2fee485e3fe72bd3f2799	2026-06-10T11:37:13+02:00	AGENTS.md;docs/beautyq-search-dsl-v1.md;docs/codebase-review/05-search-and-retrieval-architecture.md;docs/codebase-review/07-current-gaps-and-roadmap.md;docs/search-dsl-hybrid-v1-plan.md	deep	RJ — Establishes B-lite as current strategy (runtime hybrid expansion paused after the hidden control-plane proof; ES/Qdrant advance together only in eval), and reclassifies InMemorySearchBackend as a temporary seed-backed stabilizer explicitly not an ES oracle.	T-14,T-18,T-22	E-0169,E-0170
7ef3601311cfcc3a30cc522f990fcd47c4db59e2	2026-06-10T13:57:38+02:00	docs/LOCAL_LLM_MODEL_SELECTION_POLICY.md;docs/codebase-review/INVENTORY.md	deep	RJ — New 310-line model selection policy document with capability tables, derived value formulas and GPT-saving/No-GPT selection logic, self-declared as operational heuristic not benchmark or architecture, registered into the review INVENTORY as a new documentary owner.	T-16	E-0171
8f1ceeb5c692c4fd5ee9c7eb097a92ffcb139306	2026-06-10T13:58:11+02:00	AGENTS.md;docs/local/COORDINATOR_PROMPTING_REMINDER.md	deep	RJ — Major AGENTS.md reorganization restoring prompt/delegated-agent discipline, verification labels, docs cadence and commit-readiness guardrails, restating ES as the intended lexical baseline and InMemorySearchBackend as a non-oracle seed stabilizer, plus B-lite eval metric rules; a new 880-line COORDINATOR_PROMPTING_REMINDER.md is created as the coordinator workflow owner.	T-15,T-16	E-0172,E-0173
5e83b8f522363faeab72fa52684d80ad92513f61	2026-06-10T18:14:31+02:00	AGENTS.md;README.md;docs/BEAUTYQ_CURRENT_STATE_AND_HANDOFF.md;docs/LOCAL_LLM_MODEL_SELECTION_POLICY.md;docs/beautyq-search-dsl-v1.md;docs/codebase-review/05-search-and-retrieval-architecture.md;docs/codebase-review/07-current-gaps-and-roadmap.md;docs/codebase-review/INVENTORY.md;docs/codebase-review/README.md;docs/codebase-review/REVIEW_NOTES.md;docs/local/COORDINATOR_PROMPTING_REMINDER.md;docs/search-dsl-hybrid-v1-plan.md;docs/search-dsl-qdrant-vector-backend.md	deep	RJ — Creates the canonical BEAUTYQ_CURRENT_STATE_AND_HANDOFF.md handoff and relocates current-state and EngineEval material out of AGENTS, roadmap, architecture, DSL and hybrid plan into it and into the coordinator reminder; adds ES-native and Qdrant-native design principles.	T-04,T-14	E-0174,E-0175
a9e53ff3fdbb6e1adee672501d985cd6c64bc21f	2026-06-10T23:40:00+02:00	AGENTS.md;docs/BEAUTYQ_CURRENT_STATE_AND_HANDOFF.md;docs/local/COORDINATOR_PROMPTING_REMINDER.md	deep	RJ — Relocates bundle/context-authoring and detailed delegated-agent task rules out of AGENTS into the coordinator reminder, leaving a compressed scope-control guardrail; a documentary ownership move inspected in its documentation portion.	T-16	E-0176
a6736e238f914d562cca65a5f4b989d5f2fb3a78	2026-06-11T14:14:27+02:00	AGENTS.md;ONBOARDING.md;docs/LOCAL_LLM_MODEL_SELECTION_POLICY.md;docs/local/COORDINATOR_PROMPTING_REMINDER.md	deep	RJ — Adds the root ONBOARDING.md coordinator onboarding prompt establishing a source-truth-gated reading order, and reworks the model-selection policy section 9 into a decision-order/role/coordinator-responsibility policy keying model choice to task type, source truth and risk rather than GPT availability.	T-04,T-16	E-0177,E-0178
8837caf96e2d9815536d8966b75907e61a4e3cfe	2026-06-11T22:16:04+02:00	AGENTS.md	semantic-scan	RJ — Refines the AGENTS unused-code guardrail into an operational compile-fix reporting rule; a wording/process refinement in an existing owner.		
5c17e95065d147517f6130fbceccad04be910b27	2026-06-11T22:50:53+02:00	AGENTS.md	semantic-scan	RJ — Reframes prompt-supplied imports and helpers as candidate source-truth rather than paste-all requirements in the AGENTS unused-code guardrail.		
a0f297a6c191c4ee0ada62cf68f600c8515f7eba	2026-06-12T00:58:48+02:00	docs/BEAUTYQ_CURRENT_STATE_AND_HANDOFF.md;docs/codebase-review/07-current-gaps-and-roadmap.md	deep	RJ — Adds a product search north star and a nearest production checkpoint defining the ES-backed seed route over InMemorySearchBackend as the next business-visible goal; a forward architectural-goal statement.	T-14,T-22	E-0179
ee95368a5a53e1cf6292e5de20ac6ded35629fb4	2026-06-12T02:10:59+02:00	docs/BEAUTYQ_CURRENT_STATE_AND_HANDOFF.md;docs/codebase-review/07-current-gaps-and-roadmap.md	deep	RJ — Records the newly existing production-hidden ES seed-route module and scripted-ES route proof, states the default is not yet switched, and documents the observed zero-hit ES response still carrying non-empty facets and inferred filters.	T-14	E-0180
818f4a26d75778d743db5a9d86e808ef81446e41	2026-06-12T10:05:39+02:00	AGENTS.md	semantic-scan	RJ — Adds an AGENTS Scala-rules bullet requiring explicit Unit returns in Scala 3 tests; a process-guardrail wording addition.		
e7509af6064ae357fb73be2bf8fe2778f8b2a0bf	2026-06-12T10:05:42+02:00	AGENTS.md	semantic-scan	RJ — Expands the AGENTS unsafe-extraction guardrail to additional projection/get forms with typed-error and test fail guidance.		
1f1fcb07cd4adee1ef720cc194823b051485be75	2026-06-12T11:39:32+02:00	docs/BEAUTYQ_CURRENT_STATE_AND_HANDOFF.md;docs/codebase-review/05-search-and-retrieval-architecture.md;docs/codebase-review/07-current-gaps-and-roadmap.md	deep	RJ — Records the default production /beauty-search switch from seedCatalogInMemory to the ES-backed seed route and demotes InMemorySearchBackend to rollback/non-default, reporting a full-verification total; a migration/cutover status change.	T-13,T-14	E-0181
3b675a616723f41403818bed6f667c3ec9500f64	2026-06-12T11:51:17+02:00	docs/demo/beauty-search-es-seed-demo-queries.md	deep	RJ — Creates the ES seed demo query inventory as a new evaluation/operations documentary owner selected for business smoke over the ES-backed default route.	T-14,T-15	E-0182
c7f39eef0f286337743d80e8db0d376a3a9d6bdf	2026-06-12T15:13:56+02:00	AGENTS.md;docs/BEAUTYQ_CURRENT_STATE_AND_HANDOFF.md;docs/codebase-review/05-search-and-retrieval-architecture.md;docs/codebase-review/07-current-gaps-and-roadmap.md;docs/local/COORDINATOR_PROMPTING_REMINDER.md	deep	RJ — Propagates the ES-backed default into AGENTS, reclassifies InMemorySearchBackend as a rollback/regression/pure backend, adds an HTTP-client bodyless-endpoint rule, and compacts the ES checkpoint sections into the handoff with updated verification totals.	T-14,T-45	E-0183
651ab7a1dab268ab23c520ceb0625512db65815e	2026-06-12T15:22:46+02:00	docs/demo/beauty-search-es-seed-demo.md	deep	RJ — Creates the ES-backed seed demo runbook as a new evaluation/operations documentary owner with its focused verification command and explicit non-claims.	T-14,T-15,T-19	E-0184
8c316670cb08f49f60752407c672e0e5711436de	2026-06-12T20:36:41+02:00	docs/BEAUTYQ_CURRENT_STATE_AND_HANDOFF.md;docs/codebase-review/07-current-gaps-and-roadmap.md	semantic-scan	RJ — Updates handoff and roadmap to declare the business demo ready with pointers to the runbook and inventory and to list remaining next steps; a status update in existing owners.		
5e0d611ebae844d1479f559642dce0792dd5f348	2026-06-12T22:00:45+02:00	docs/BEAUTYQ_CURRENT_STATE_AND_HANDOFF.md;docs/codebase-review/05-search-and-retrieval-architecture.md;docs/codebase-review/07-current-gaps-and-roadmap.md	deep	RJ — Re-describes the production route as LeaderboardPlugin top-level modules.apiBase[IO] plus BeautySearchRouteModules.apiElasticsearch and marks modules.api[F] rollback/legacy; a production source-of-truth naming and decomposition change.	T-14	E-0185
23130cc2f9daadedb80a2f35c635d701d7200ed1	2026-06-12T23:51:18+02:00	ONBOARDING.md;README.md;docs/beautyq-search-dsl-v1.md;docs/codebase-review/04-api-and-http-contracts.md;docs/codebase-review/INVENTORY.md;docs/codebase-review/README.md;docs/codebase-review/REVIEW_NOTES.md;docs/local/COORDINATOR_PROMPTING_REMINDER.md;docs/search-dsl-hybrid-v1-plan.md;docs/search-dsl-qdrant-vector-backend.md	deep	RJ — Propagates the ES-backed default and the apiBase naming across README, INVENTORY, codebase-review README, REVIEW_NOTES, the 04 contracts doc, DSL, hybrid and Qdrant notes, reclassifies InMemorySearchBackend from temporary to rollback/regression/pure, relabels route characterization specs as historical/rollback, and rewrites ONBOARDING.md.	T-14	E-0186
711a89b2012e6bd978088733cdf70a6ba275e990	2026-06-13T01:44:58+02:00	docs/local/COORDINATOR_PROMPTING_REMINDER.md	semantic-scan	RJ — Adds coordinator-reminder rules on post-review commit-message ordering, exact replacement hunks and unsafe-extraction pattern matching in prompts; governance refinements.		
f0b2b414560a1679f874c79a296eaa0b98467c99	2026-06-13T02:11:10+02:00	docs/codebase-review/07-current-gaps-and-roadmap.md	deep	RJ — Adds an expanded roadmap of five lanes with gated steps, a milestone summary M0-M8, movement rules and a production/eval lane separation; a major forward architectural-thesis and gate plan.	T-18,T-22	E-0187
3d40002f7be0b91ccfb9b01c97386b3254c1228e	2026-06-13T02:23:05+02:00	docs/BEAUTYQ_CURRENT_STATE_AND_HANDOFF.md;docs/codebase-review/07-current-gaps-and-roadmap.md;docs/codebase-review/REVIEW_NOTES.md;docs/search-dsl-hybrid-v1-plan.md	deep	RJ — Removes stale contradictions: records the latest full run as red and forbids claiming FULL GREEN, corrects the blocker line to name Elasticsearch as the current ES seed-route backend and marks the pass-1 first-backend question superseded.	T-14,T-15	E-0188
bd3d5fba51a6a9e9ffcbd6d08e5e9e612ce046a3	2026-06-13T09:27:12+02:00	docs/local/COORDINATOR_PROMPTING_REMINDER.md	semantic-scan	RJ — Adds a manual/env-gated test definition-of-done rule to the coordinator reminder; a governance refinement.		
35887746a30f8422312b6ba3d29cf7ee0d118d84	2026-06-13T10:05:14+02:00	docs/local/COORDINATOR_PROMPTING_REMINDER.md	deep	RJ — Compacts the coordinator reminder from 1049 to 275 lines, preserving the source-truth-gate and role rules while reducing examples and rationale; a documentation-architecture consolidation inspected for later transfer review.	T-16,T-44	E-0189
bd3f52a5f1598e3fceba3191ce3cf2d1b17cdfda	2026-06-13T10:18:53+02:00	docs/BEAUTYQ_CURRENT_STATE_AND_HANDOFF.md;docs/codebase-review/06-tests-and-contracts.md	deep	RJ — Creates the Manual saved-artifact eval specs section documenting three specs, their env gates, output markers, run sequence, allowed expected-role strings and the expected full-suite baseline; a new evaluation/operations contract owner.	T-17	E-0190
2f27b769b03715546eef3674cbdf75ea27ef28fa	2026-06-13T10:31:24+02:00	docs/local/COORDINATOR_PROMPTING_REMINDER.md	semantic-scan	RJ — Adds a patch-review bundle definition-of-done and executable bundle shell shape to the coordinator reminder; a governance refinement.		
168f7541ce4e729a9220d98222dd1214d7e84ca2	2026-06-13T10:40:59+02:00	docs/search-dsl-hybrid-v1-plan.md	semantic-scan	RJ — Syncs the hybrid plan to the current ES-seed default route and the operational M-ESQ-EVAL next step; a status propagation edit.		
1ef1ec059e56b31876e731b3256926d48028d29e	2026-06-13T10:44:38+02:00	AGENTS.md;docs/local/COORDINATOR_PROMPTING_REMINDER.md	deep	RJ — Expands the AGENTS unsafe-extraction rule and replaces the coordinator-reminder rule with a pointer declaring AGENTS the canonical owner; a source-of-truth ownership designation.	T-15	E-0191
9a7abbc2791c20122f24599cdd308119885ef413	2026-06-13T10:53:51+02:00	docs/local/COORDINATOR_PROMPTING_REMINDER.md	semantic-scan	RJ — Reworks the commit-message rule (body reconstructs what/why/preserved boundary, no FULL GREEN from focused checks) and moves volatile verification counts out of long-lived docs and commit messages; governance refinements.	T-15	E-0514
b1bac82d33a7e543d86a2c8086ec91008d6254b2	2026-06-13T11:41:59+02:00	docs/BEAUTYQ_CURRENT_STATE_AND_HANDOFF.md;docs/codebase-review/06-tests-and-contracts.md	semantic-scan	RJ — Revises the manual saved-artifact eval specs to dual-mode default-fixture behavior and updates the expected baseline to 963 passed 0 failed 1 canceled; a status/wording update to an existing owner.		
ca3f448d5a2f9b578adfb763494822e2a302dcf6	2026-06-13T12:01:20+02:00	docs/codebase-review/05-search-and-retrieval-architecture.md;docs/codebase-review/06-tests-and-contracts.md	semantic-scan	RJ — Re-labels two Qdrant compatibility specs from env-gated to distage-managed resource-backed auto-run in the architecture and tests owners.		
a5af651851a2308752496b46674546288b281d9a	2026-06-13T12:16:14+02:00	AGENTS.md;docs/BEAUTYQ_CURRENT_STATE_AND_HANDOFF.md;docs/codebase-review/05-search-and-retrieval-architecture.md;docs/codebase-review/06-tests-and-contracts.md	deep	RJ — Adds a standing AGENTS resource-backed test definition-of-done rule (boolean env gates only for manual-artifact/destructive/external workflows) and propagates env-gated to resource-backed auto-gated across handoff, architecture and tests; a new normative testing-policy rule.	T-15	E-0192
00c4747039a0bb12fd0f83273e2ba4924b9b0cb9	2026-06-13T12:20:44+02:00	docs/codebase-review/05-search-and-retrieval-architecture.md;docs/codebase-review/06-tests-and-contracts.md	semantic-scan	RJ — Removes stale env-gated wording in the architecture and tests owners, restating resource-backed auto-gating and making plain sbt test the canonical full verification; a status/wording sync of the prior testing-policy change.		
f7326f34eb1113ba3b1cecf9f25b7172f165d434	2026-06-13T12:27:44+02:00	docs/local/COORDINATOR_PROMPTING_REMINDER.md	semantic-scan	RJ — Adds coordinator-reminder rules requiring two artifact-backed next options after each accepted review and confining bundle scripts to read-only context capture; governance refinements.		
d21554e3a79d456811466ddb87047a7026c38393	2026-06-13T12:39:55+02:00	docs/BEAUTYQ_CURRENT_STATE_AND_HANDOFF.md	semantic-scan	RJ — Updates the handoff to declare plain sbt test canonical, re-attributes the 963-run as a user-verified plain sbt test and marks the 956 total historical; a verification-attribution status update.		
5e8c55b7cdf94ebfb94a832e79fe800a0783aabd	2026-06-13T14:43:55+02:00	docs/local/COORDINATOR_PROMPTING_REMINDER.md	semantic-scan	RJ — Reworks the reminder bundle script into a structured bundle directory with per-artifact bundle-id naming; a governance/procedure refinement.		
44f98f4eb831716f8a31d17a069f80c413f84a30	2026-06-13T20:48:37+02:00	docs/local/COORDINATOR_PROMPTING_REMINDER.md	semantic-scan	RJ — Tightens the reminder so every next option must carry a delegated prompt or executable bundle and forbids a no-bundle category; a governance refinement.		
0be13e242fbb38b15ce2fd4484b94e62f70777c0	2026-06-13T22:27:08+02:00	AGENTS.md;README.md;docs/BEAUTYQ_CURRENT_STATE_AND_HANDOFF.md;docs/codebase-review/05-search-and-retrieval-architecture.md;docs/codebase-review/06-tests-and-contracts.md;docs/codebase-review/07-current-gaps-and-roadmap.md;docs/codebase-review/README.md;docs/local/COORDINATOR_PROMPTING_REMINDER.md;docs/search-dsl-hybrid-v1-plan.md	duplicate	RJ — A refs/heads/d9-only branch snapshot whose documentary end-state is byte-identical to primary-lineage c07a35a4 (ordinal 203) across every changed path (empty git diff); proven duplicate substance rather than a distinct decision.	T-14,T-15,T-17,T-43	E-0193
c07a35a4926c8e767e47314d69f71630cf18cc17	2026-06-14T15:25:38+02:00	README.md;docs/codebase-review/05-search-and-retrieval-architecture.md;docs/codebase-review/06-tests-and-contracts.md;docs/codebase-review/07-current-gaps-and-roadmap.md;docs/codebase-review/README.md	deep	RJ — Replaces the README env-var launch ritual with a canonical plain sbt test plus resource-autogating note, introduces a project-local evidence-bundle workspace, and syncs the ES-default serving and operational M-ESQ-EVAL status across the architecture, tests, roadmap and review-README owners.	T-14,T-15,T-17,T-43	E-0194
2a66d337e4a5718e2249b496ac847a267ebe887e	2026-06-14T19:15:10+02:00	docs/BEAUTYQ_CURRENT_STATE_AND_HANDOFF.md;docs/codebase-review/06-tests-and-contracts.md	deep	RJ — Establishes the M-ESQ-EVAL evidence-collection operational workflow section with ES artifact-emission markers and the run/assembly/comparison sequence in the handoff and tests owner; a new evaluation/operations evidence-workflow owner inspected through its documentary portion only (a mixed code-and-docs commit).	T-17	E-0195
6395c21d2f480e806f321e8265e639cf127fecd9	2026-06-14T20:57:00+02:00	docs/BEAUTYQ_CURRENT_STATE_AND_HANDOFF.md;docs/codebase-review/06-tests-and-contracts.md	semantic-scan	RJ — Refines the SemanticBroadSmoke expected-role map from a uniform QdrantMayComplement to per-query EsShouldHandle/QdrantMayComplement/HybridMayImprove assignments with annotations; an evaluation-semantics status update.		
32aabd682d048dbf452c4a57d328699e0629cdc5	2026-06-14T21:04:16+02:00	docs/local/COORDINATOR_PROMPTING_REMINDER.md	semantic-scan	RJ — Adds accepted-review output, continuation, combined post-patch bundle and minimal-sufficient-model rules to the coordinator reminder; governance refinements.		
49619a13e571c80c8ebbfe22fd65a7ed39ec290f	2026-06-14T21:22:16+02:00	docs/BEAUTYQ_CURRENT_STATE_AND_HANDOFF.md;docs/codebase-review/06-tests-and-contracts.md	semantic-scan	RJ — Adds a read-only marker payload extraction helper to the evidence workflow and reframes extraction from manual copy-paste to operator-controlled; a procedural addition to an existing owner.		
21bc62e2797de27f956f5fb0b807cd7a75cde844	2026-06-14T21:28:02+02:00	docs/BEAUTYQ_CURRENT_STATE_AND_HANDOFF.md;docs/codebase-review/06-tests-and-contracts.md	semantic-scan	RJ — Adds saved-artifact naming and manifest conventions for M-ESQ-EVAL evidence to the tests owner and handoff pointer; an operator/procedural addition to the existing evidence-workflow owner.		
48c95ddcbf82bcfe92024afeb45c97392bda4b79	2026-06-14T21:34:07+02:00	docs/BEAUTYQ_CURRENT_STATE_AND_HANDOFF.md;docs/codebase-review/06-tests-and-contracts.md	semantic-scan	RJ — Adds an evidence artifact sanity checklist for verifying manually collected M-ESQ-EVAL artifacts before use; an operator/procedural addition to the existing evidence-workflow owner.		
d061456b4127d0fd861c713774675430fb03f0b0	2026-06-14T21:39:02+02:00	docs/codebase-review/06-tests-and-contracts.md	clerical	RJ — Removes a duplicated run-sequence block and a redundant role example from the evidence-workflow section, leaving the same steps and allowed role strings; a purely mechanical de-duplication with no semantic change.		
2849edf39bebd4f12d49a895d1d92d7e4036f896	2026-06-14T21:43:37+02:00	docs/BEAUTYQ_CURRENT_STATE_AND_HANDOFF.md	semantic-scan	RJ — Restructures and compacts the handoff M-ESQ-EVAL status into exists/can-collect/non-production sections while deferring the six-query role map to the tests owner; a documentation-architecture restructure of an existing owner.		
751fa72f474aa291bf20aad5d847b3fd82e9c6e1	2026-06-14T21:47:10+02:00	docs/codebase-review/06-tests-and-contracts.md	semantic-scan	RJ — Adds an evidence-collection dry-run preflight checklist to the tests owner; an operator/procedural addition to the existing evidence-workflow owner.		
ac6046e44f906a1d7b8eb7140c979f099d529824	2026-06-14T21:50:57+02:00	docs/codebase-review/06-tests-and-contracts.md	semantic-scan	RJ — Adds saved-comparison interpretation notes stating what comparison output is and is not evidence of; an operator/procedural addition to the existing evidence-workflow owner.		
5d0f718a4a9a955abdaa43a92e3ff3fcdf062b45	2026-06-14T21:57:03+02:00	docs/codebase-review/06-tests-and-contracts.md	semantic-scan	RJ — Adds a compact M-ESQ-EVAL operator navigation index to the tests owner; an operator/procedural addition to the existing evidence-workflow owner.		
c10f6dc433202f16c25dd4a697dc164e0420ef8f	2026-06-14T23:04:03+02:00	docs/codebase-review/06-tests-and-contracts.md;docs/local/M_ESQ_EVAL_EVIDENCE_RUN_TEMPLATE.md	deep	RJ — Creates the new M_ESQ_EVAL_EVIDENCE_RUN_TEMPLATE.md as a local operator run template (workspace, commands, multi-payload split, first-run example) and points the tests owner to it; a new evaluation/operations documentary owner.	T-17	E-0196
73c6cdbf6e064bdb4e267f438d8d503d32aa588e	2026-06-15T00:30:59+02:00	docs/local/COORDINATOR_PROMPTING_REMINDER.md	semantic-scan	RJ — Adds a coordinator-reminder priority rule forbidding terminal-closing or globally-behavior-changing copy-paste commands in user-facing bundles; a governance/safety rule.	T-46	E-0515
158f3d93df49cf4511da77b2f1a5573a4bdee005	2026-06-15T00:35:03+02:00	docs/BEAUTYQ_CURRENT_STATE_AND_HANDOFF.md;docs/codebase-review/06-tests-and-contracts.md;docs/local/COORDINATOR_PROMPTING_REMINDER.md	semantic-scan	RJ — Adds a no-/tmp-for-persisted-evidence rule to the reminder and documents roleDeltas/roleAggregates comparison output semantics in the tests owner and handoff; a governance plus evaluation-semantics update.	T-43	E-0516
5b526c837aa995ba31c8e683eed1cb22569055f3	2026-06-15T00:45:54+02:00	docs/local/M_ESQ_EVAL_EVIDENCE_RUN_TEMPLATE.md	semantic-scan	RJ — Updates the run template to use a stable persisted workspace and to replace an exiting error path with a non-terminating BLOCKED branch; a procedure refinement to an existing owner.		
37dbf09c318e44082d71cbb4699e5977719e3ef0	2026-06-15T00:51:20+02:00	docs/BEAUTYQ_CURRENT_STATE_AND_HANDOFF.md;docs/codebase-review/06-tests-and-contracts.md	deep	RJ — Records the first concrete M-ESQ-EVAL evidence summary for the SemanticBroadSmoke subset (per-run qdrant recall/complement/noise/overlap/gain counts and deltas) in the handoff and tests owner; the first real offline evaluation evidence entered into documentation.	T-17	E-0197
89eaa2f89deeb5b9c88fd2d4b1f5681524df7e38	2026-06-15T01:07:49+02:00	docs/BEAUTYQ_CURRENT_STATE_AND_HANDOFF.md;docs/codebase-review/06-tests-and-contracts.md	semantic-scan	RJ — Documents the queryDeltas comparison output contract (derivation, ordering, omission on all-zero) in the tests owner and handoff; an evaluation-semantics addition to the existing owner.		
8cf32c6006ff0e4d169b05cb4043859a008be197	2026-06-15T01:15:37+02:00	docs/local/COORDINATOR_PROMPTING_REMINDER.md;docs/local/M_ESQ_EVAL_EVIDENCE_RUN_TEMPLATE.md	semantic-scan	RJ — Changes the default evidence workspace in the reminder and run template from a home path to a gitignored project-local path; a procedure refinement.	T-43	E-0517
207fe65f82d0edb2f441dad3c72b6a27ea0a9335	2026-06-15T01:18:22+02:00	docs/BEAUTYQ_CURRENT_STATE_AND_HANDOFF.md;docs/codebase-review/06-tests-and-contracts.md	semantic-scan	RJ — Updates the replayed-evidence note to confirm queryDeltas presence and omission behavior; a status update to the existing owner.		
dffa5fc0e0a7fbd71d6c31a542154b659c29ab0f	2026-06-15T10:12:40+02:00	docs/BEAUTYQ_CURRENT_STATE_AND_HANDOFF.md;docs/codebase-review/06-tests-and-contracts.md	deep	RJ — Defines the EngineEvalQueryClass classification contract (stable class order, language tags ignored, unknown non-language tags fail, observed query-type tags) in the handoff and tests owner; a new offline/eval terminology and normative contract.	T-17	E-0198
3cbcd6ca4dc5fa7cb39dc4e56c09c2b87de92b76	2026-06-15T10:22:52+02:00	docs/BEAUTYQ_CURRENT_STATE_AND_HANDOFF.md;docs/codebase-review/06-tests-and-contracts.md	deep	RJ — Defines the EngineEvalQueryClassBreakdown sidecar contract (explicit sidecar map, multi-class contribution, dedup, missing-entry failure, stable bucket order) in the handoff and tests owner; a new offline/eval evidence contract.	T-17	E-0199
2edf82b46c013b5142395904c1be391ce93d64c4	2026-06-15T10:40:02+02:00	docs/BEAUTYQ_CURRENT_STATE_AND_HANDOFF.md;docs/codebase-review/06-tests-and-contracts.md	deep	RJ — Defines the EngineEvalSavedReportComparison class-delta sidecar comparison contract in the handoff and tests owner; a new offline/eval evidence contract.	T-17	E-0200
4ede56ac4e3df86451d07fcfe4b13aca0c81c5b2	2026-06-15T11:03:51+02:00	docs/BEAUTYQ_CURRENT_STATE_AND_HANDOFF.md;docs/codebase-review/06-tests-and-contracts.md	semantic-scan	RJ — Refines and corrects the classDeltas sidecar contract wording and method names, adds exact sidecar JSON shape and class-name validation rules, and corrects the earlier not-yet-wired claim; a semantic refinement/correction of an existing contract.		
e797b189baeb3edded3a8a3e4e5e530168778d66	2026-06-15T11:15:30+02:00	docs/codebase-review/06-tests-and-contracts.md	semantic-scan	RJ — Corrects the M-ESQ-EVAL evidence workspace path in the tests owner; a small wording/path fix to the existing evidence-workflow owner.		
e194f0e2bb30b73bab82a873580e9040e3569808	2026-06-15T11:23:52+02:00	docs/BEAUTYQ_CURRENT_STATE_AND_HANDOFF.md;docs/codebase-review/06-tests-and-contracts.md	semantic-scan	RJ — Deduplicates M-ESQ-EVAL detail out of the handoff and defers it to the tests owner; a documentation-architecture consolidation between existing owners.		
538de96d172d163077367d89181ba51408fc6ad5	2026-06-15T11:43:50+02:00	docs/local/M_ESQ_EVAL_EVIDENCE_RUN_TEMPLATE.md	semantic-scan	RJ — Adds EngineEval class-sidecar artifact examples to the local run template; a procedural addition to the existing evidence-workflow owner.		
b0d46b6de000c1bf0c095a8a360d6fd43db654b6	2026-06-15T12:08:38+02:00	docs/BEAUTYQ_CURRENT_STATE_AND_HANDOFF.md;docs/codebase-review/06-tests-and-contracts.md	semantic-scan	RJ — Records validated class-sidecar replay evidence for saved-report comparison; an additional offline evidence result entered into existing owners.		
8d3b7e182362eb12d4bcfbe05386c76b64c90955	2026-06-15T12:11:42+02:00	docs/local/COORDINATOR_PROMPTING_REMINDER.md;docs/local/M_ESQ_EVAL_EVIDENCE_RUN_TEMPLATE.md	semantic-scan	RJ — Adds a cpf terminal-only caveat to the reminder and run template; a governance/procedure note.		
b1733426d17cc0d736790415895d2fcd6c7c7ed4	2026-06-15T12:13:44+02:00	docs/local/M_ESQ_EVAL_EVIDENCE_RUN_TEMPLATE.md	semantic-scan	RJ — Documents a saved-aggregate restore requirement in the run template; a procedural addition.		
83d0d1da31a3de3e77dba6ccdec7c8d1aafb6b2b	2026-06-15T12:21:33+02:00	docs/BEAUTYQ_CURRENT_STATE_AND_HANDOFF.md;docs/codebase-review/07-current-gaps-and-roadmap.md	semantic-scan	RJ — Compacts the handoff M-ESQ-EVAL status and relabels the current checkpoint as expanded M3 / B-lite evidence; a status restructure and relabel of an existing owner.		
bf02e170907e4dea2cfd23d236f210d4df882cd1	2026-06-15T12:40:14+02:00	docs/BEAUTYQ_CURRENT_STATE_AND_HANDOFF.md;docs/codebase-review/05-search-and-retrieval-architecture.md;docs/codebase-review/06-tests-and-contracts.md;docs/codebase-review/07-current-gaps-and-roadmap.md	semantic-scan	RJ — Restores the M-ESQ-EVAL documentation hierarchy by consolidating handoff status and deferring detail to the tests owner; a documentation-organization move between existing owners with no new decision.		
51770e335f990809b10edcc085d881e839f0b9b3	2026-06-15T12:58:18+02:00	docs/codebase-review/07-current-gaps-and-roadmap.md	semantic-scan	RJ — Finishes the roadmap hierarchy cleanup after the M4 addition; a documentation-organization edit.		
1992f971ba340f5c815a8855a9290738f7bd4dc0	2026-06-15T13:29:55+02:00	docs/BEAUTYQ_CURRENT_STATE_AND_HANDOFF.md;docs/codebase-review/07-current-gaps-and-roadmap.md	deep	RJ — Establishes ES lifecycle design as the next strategic gate before any Qdrant shadow, with the rationale that shadowing needs a stable serving baseline, observability and a kill-switch and would otherwise compare against a lifecycle-incomplete route, and clarifies that eager seed index preparation is not a production ES lifecycle policy.	T-19,T-22	E-0201
3b5334547649fdc8020f0327432e81b97686ba62	2026-06-15T13:44:51+02:00	docs/BEAUTYQ_CURRENT_STATE_AND_HANDOFF.md;docs/codebase-review/05-search-and-retrieval-architecture.md;docs/codebase-review/07-current-gaps-and-roadmap.md	deep	RJ — Adds an ES lifecycle design gate and an architecture note enumerating current lifecycle design surfaces (seed loader/ready path, ES readiness/init, client operations, route composition boundary) while stating the lifecycle policy is not yet decided; a new architectural design gate.	T-19	E-0202
b9f1137887dbdf5b73c0771d48babf7b337c452f	2026-06-15T13:49:33+02:00	docs/BEAUTYQ_CURRENT_STATE_AND_HANDOFF.md;docs/codebase-review/05-search-and-retrieval-architecture.md;docs/codebase-review/07-current-gaps-and-roadmap.md	deep	RJ — Introduces the M4 ES lifecycle design gate with a decision inventory (catalog source of truth, index naming, alias/blue-green, startup, runtime refresh, rollback, freshness/staleness, observability) and the roadmap position that M4 precedes M5 and M6; a major migration-sequencing decision record.	T-19	E-0203
09e2965082750e5d8e2fedee51ed4a8407cf29a0	2026-06-15T14:13:56+02:00	docs/local/COORDINATOR_PROMPTING_REMINDER.md	semantic-scan	RJ — Adds a reminder rule forbidding mandatory review as the sole next task; a governance refinement.		
24b57a214e4e434e424aeeab6130cfbb9ba2ff7d	2026-06-15T14:21:14+02:00	docs/local/COORDINATOR_PROMPTING_REMINDER.md	semantic-scan	RJ — Requires three-part closeout bundles in the coordinator reminder; a governance refinement.		
f2999fc0c64e598c67782f4e83037e1521b4b235	2026-06-15T14:25:56+02:00	docs/local/COORDINATOR_PROMPTING_REMINDER.md	semantic-scan	RJ — Requires a next-task prompt in accepted closeout; a governance refinement.		
fdb5113e0195c65bfdf6638ba1fcaf0da2e841d4	2026-06-15T14:33:35+02:00	docs/local/COORDINATOR_PROMPTING_REMINDER.md	semantic-scan	RJ — Requires downstream options after every prompt; a governance refinement.		
9591a9fa6f1f3f09d74190384b756c8d36abdab8	2026-06-15T14:52:29+02:00	docs/local/COORDINATOR_PROMPTING_REMINDER.md	semantic-scan	RJ — Forbids delegated-looking read-only prompts; a governance refinement.		
beaefd26282d3222753f5b232dc61dd2fa7ecb93	2026-06-15T15:18:44+02:00	docs/BEAUTYQ_CURRENT_STATE_AND_HANDOFF.md;docs/codebase-review/05-search-and-retrieval-architecture.md;docs/codebase-review/07-current-gaps-and-roadmap.md	semantic-scan	RJ — Deduplicates the M4/M5 lifecycle status across handoff, architecture and roadmap; a documentation-consolidation edit.		
0770fa5ea4a71701a90df511bea96f2c89dfcdb7	2026-06-15T15:32:57+02:00	docs/BEAUTYQ_CURRENT_STATE_AND_HANDOFF.md;docs/codebase-review/05-search-and-retrieval-architecture.md;docs/codebase-review/07-current-gaps-and-roadmap.md	semantic-scan	RJ — Records the M5 metadata DI handle status without duplicating the M4/M5 prose; a status addition.		
01326ff7b9f6494909f90e0d48632148baa86e08	2026-06-15T15:45:15+02:00	AGENTS.md;docs/local/COORDINATOR_PROMPTING_REMINDER.md	deep	RJ — Adds an explicit scope/source-of-truth boundary making AGENTS the guardrail source truth for bounded edits/checks/safety while reserving coordinator closeout/bundle/format rules to the reminder, with conflict-resolution rules; a source-of-truth ownership designation.	T-16	E-0204
3a08d9adb5c3773cbdeff10b1cd854ef08065a9e	2026-06-15T16:15:48+02:00	docs/local/COORDINATOR_PROMPTING_REMINDER.md	semantic-scan	RJ — Forbids attachment references in external prompts; a governance refinement.		
c19f68c7e4c5c8699f00619d26898e5963db1abb	2026-06-15T16:42:31+02:00	docs/local/COORDINATOR_PROMPTING_REMINDER.md	semantic-scan	RJ — Removes reusable read-only prompt forms from the reminder; a governance refinement.		
503e5b4fbc9158da8c9e0cbb55f70ca08d989e75	2026-06-16T14:14:09+02:00	AGENTS.md;ONBOARDING.md;docs/BEAUTYQ_CURRENT_STATE_AND_HANDOFF.md	deep	RJ — Restructures and compacts AGENTS governance (removing the just-added Scope block and several verification labels) and deletes ONBOARDING.md, retiring the coordinator onboarding owner created at ordinal 170; inspection of the documentation portion of a mixed test-and-docs commit recording a documentary retirement.	T-16	E-0205
a868fb6c25751641dc9966d39b82ebbb4f93663e	2026-06-17T14:24:31+02:00	docs/BEAUTYQ_CURRENT_STATE_AND_HANDOFF.md;docs/LOCAL_LLM_MODEL_SELECTION_POLICY.md (deleted);docs/codebase-review/INVENTORY.md;docs/local/COORDINATOR_PROMPTING_REMINDER.md (renamed to COORDINATOR_WORKFLOW_AND_PROMPTING.md)	deep	RJ — Deletes the LOCAL_LLM_MODEL_SELECTION_POLICY.md owner created at ordinal 166 by merging it into the coordinator guide and renames COORDINATOR_PROMPTING_REMINDER.md to COORDINATOR_WORKFLOW_AND_PROMPTING.md at 91 percent similarity, updating the review INVENTORY; a major documentary transfer and rename.	T-16,T-46	E-0206
6467449154e26398733362c0e625c3ce381037db	2026-06-17T14:29:36+02:00	AGENTS.md;docs/codebase-review/05-search-and-retrieval-architecture.md;docs/codebase-review/07-current-gaps-and-roadmap.md;docs/codebase-review/ARCHITECTURE_DECISIONS_OBSERVED.md;docs/codebase-review/INVENTORY.md	semantic-scan	RJ — Cleans AGENTS ownership wording and syncs the architecture, roadmap, observed-decisions and INVENTORY owners; a wording/ownership sync.		
ebaaaec02a85fd22167c5a32d01b20a8346e0384	2026-06-17T14:32:13+02:00	docs/local/COORDINATOR_WORKFLOW_AND_PROMPTING.md	semantic-scan	RJ — Deduplicates model recommendation guidance in the renamed coordinator workflow guide; a consolidation edit.		
a4813402d313cd1edf1d93de9c119bce97b93259	2026-06-17T14:58:54+02:00	docs/BEAUTYQ_CURRENT_STATE_AND_HANDOFF.md;docs/codebase-review/05-search-and-retrieval-architecture.md;docs/codebase-review/06-tests-and-contracts.md;docs/codebase-review/INVENTORY.md	semantic-scan	RJ — Reduces duplicated roadmap status prose across handoff, architecture, tests and INVENTORY; a documentation-consolidation edit.		
dcb85a824c599d50c279a6d284c088395159b56d	2026-06-17T15:04:38+02:00	AGENTS.md;docs/codebase-review/INVENTORY.md	semantic-scan	RJ — Makes AGENTS self-contained with a small INVENTORY wording sync; a wording edit.		
c1a1260c239a76f5fedbb8354560b12745cc676f	2026-06-18T11:51:07+02:00	docs/codebase-review/04-api-and-http-contracts.md	deep	RJ — Realigns the BeautySearch route contract documentation from the in-memory/rollback characterization to the current ES-backed apiElasticsearch characterization and changes the documented per-request behavior claims to the ES zero-hit stub results; a source-of-truth and route-behavior realignment.	T-03,T-13,T-14,T-15	E-0207
c25090886e4337d31c2de9ee71c0fa8f1e5b78c2	2026-06-18T12:13:32+02:00	docs/codebase-review/04-api-and-http-contracts.md	deep	RJ — Adds a bad-input hardening design gate documenting that body-decode failures currently map to HTTP 500 with empty body as a pinned compatibility policy and enumerating the minimum decisions before any 4xx hardening; a new architectural requirement/gate.	T-03	E-0208
171d5ce843c7c831e7b1f689c568157f4cdf5c33	2026-06-18T13:06:00+02:00	docs/BEAUTYQ_CURRENT_STATE_AND_HANDOFF.md;docs/codebase-review/04-api-and-http-contracts.md;docs/codebase-review/06-tests-and-contracts.md	deep	RJ — Supersedes the ordinal-256 hardening gate 47 minutes later: decode/reject/exception shims removed, Tapir defaults adopted, body-decode failures move from the pinned 500 compatibility policy to global 400 BadRequest before service/ES, and the gate section becomes a default bad-input boundary with remaining future decisions.	T-03	E-0209
3fa8a0b7db8d2f992fa0a9e046135910b92d542e	2026-06-18T14:34:03+02:00	docs/BEAUTYQ_CURRENT_STATE_AND_HANDOFF.md;docs/codebase-review/04-api-and-http-contracts.md;docs/codebase-review/06-tests-and-contracts.md	deep	RJ — Adds endpoint-boundary semantic request validation (non-blank query, limit bounds, coordinate ranges), flipping the documented current-behavior not-validated characterizations to 400 validations and shrinking the desired-vs-current gap list.	T-35	E-0210
7d84331aa5baa321c78cf7790d820a07bce65301	2026-06-18T14:49:11+02:00	docs/codebase-review/04-api-and-http-contracts.md;docs/codebase-review/06-tests-and-contracts.md	deep	RJ — Adds a structured bad-request design boundary: confirmed current state (no HttpApiFailure.BadRequest), two costed implementation paths, a decision matrix and a test plan; structured implementation explicitly not approved.	T-03,T-18	E-0211
b7276e4b60ae9c2ca885340834644cfbac99780f	2026-06-18T20:49:56+02:00	docs/LOCAL_LLM_TAPIR_HTTP_REFERENCE.md;docs/codebase-review/01-system-map.md;docs/codebase-review/04-api-and-http-contracts.md;docs/codebase-review/05-search-and-retrieval-architecture.md;docs/codebase-review/06-tests-and-contracts.md;docs/codebase-review/ARCHITECTURE_DECISIONS_OBSERVED.md;docs/codebase-review/INVENTORY.md	deep	RJ — Retires the TapirHttpSupport owner corpus-wide: the reference document is rewritten to the direct-interpreter pattern, reversing the March E-0004 preservation stance (Tapir defaults were not source of truth / do not silently accept them → defaults are the pattern / do not add custom handlers without an explicit contract task); six review owners sync and stale 05 route characterizations flip to the default-400 semantics.	T-03,T-04	E-0212,E-0213
ca9de6b4748654144d1ac5fa813e9dd6b233c0d6	2026-06-18T21:18:58+02:00	docs/BEAUTYQ_CURRENT_STATE_AND_HANDOFF.md;docs/codebase-review/04-api-and-http-contracts.md;docs/codebase-review/06-tests-and-contracts.md	deep	RJ — Implements the ordinal-259 route/domain path ~30 minutes after the wrapper removal: structured HttpApiFailure.BadRequest with stable codes moves semantic validation into the API adapter; decode failures remain Tapir defaults; the design gate becomes a current-state description.	T-03,T-35	E-0214
c1495f5069195ea02f557505e8b6603f534b0980	2026-06-18T21:33:29+02:00	docs/BEAUTYQ_CURRENT_STATE_AND_HANDOFF.md;docs/codebase-review/04-api-and-http-contracts.md;docs/codebase-review/06-tests-and-contracts.md	deep	RJ — Introduces the named public contract BeautySearchRequestContract as the documentary public surface for limits and semantic error descriptors with source-backed MaxLimit and an explicit mirror assertion; a source-of-truth mechanism change for the request boundary.	T-03,T-06	E-0215
e19c0d75b3cb58d3e0bd50100efd16c808076141	2026-06-18T21:39:56+02:00	docs/BEAUTYQ_CURRENT_STATE_AND_HANDOFF.md;docs/codebase-review/04-api-and-http-contracts.md;docs/codebase-review/06-tests-and-contracts.md	semantic-scan	RJ — Adds public request/response/error examples to 04 with a handoff pointer and states the intentional non-pinning of generated decode bodies; restates the status established at ordinals 261–262 without a new decision.	T-03	E-0216
ae4c31ec8757080b84c0582dd96da8aa28db3af4	2026-06-18T21:54:00+02:00	docs/BEAUTYQ_CURRENT_STATE_AND_HANDOFF.md;docs/codebase-review/04-api-and-http-contracts.md;docs/codebase-review/06-tests-and-contracts.md	deep	RJ — Declares the public request contract frozen/stable and adds regression checklists and freeze-pinning suites across three owners; a same-day characterized→normative-stable transition with explicit future-edit governance rules.	T-03	E-0217
0f45e506a923d6b4b72703e11a75b6eaaaef6233	2026-06-18T22:00:53+02:00	docs/BEAUTYQ_CURRENT_STATE_AND_HANDOFF.md;docs/codebase-review/05-search-and-retrieval-architecture.md;docs/codebase-review/06-tests-and-contracts.md;docs/codebase-review/07-current-gaps-and-roadmap.md;docs/codebase-review/INVENTORY.md	deep	RJ — Advances M5 from Started to Progress with route-module metadata proof of the SeedOnlyNotProductionLifecycle seam, registers ElasticsearchSeedLifecycleMetadata in the INVENTORY with explicit non-serving walls.	T-19	E-0218
3f68635a8b4a54f67c673c58da81fe06886f757c	2026-06-18T22:05:54+02:00	docs/BEAUTYQ_CURRENT_STATE_AND_HANDOFF.md;docs/codebase-review/05-search-and-retrieval-architecture.md;docs/codebase-review/06-tests-and-contracts.md;docs/codebase-review/07-current-gaps-and-roadmap.md;docs/codebase-review/ARCHITECTURE_DECISIONS_OBSERVED.md;docs/codebase-review/INVENTORY.md	deep	RJ — Defines the remaining production ES lifecycle contract as six named areas (startup readiness, replacement, freshness, refresh, rollback, operator-visible status) with a future-test inventory and a new observed-decision record; M5 explicitly kept incomplete.	T-19	E-0219
fbd7289d59d148341798ccb5a3b55f938d70f565	2026-06-18T22:18:41+02:00	docs/BEAUTYQ_CURRENT_STATE_AND_HANDOFF.md;docs/codebase-review/05-search-and-retrieval-architecture.md;docs/codebase-review/06-tests-and-contracts.md;docs/codebase-review/07-current-gaps-and-roadmap.md;docs/codebase-review/ARCHITECTURE_DECISIONS_OBSERVED.md;docs/codebase-review/INVENTORY.md	deep	RJ — Adds ElasticsearchProductionReadinessState: absence of production capability becomes an explicit documented state (NotEnforced/NotConfigured/NotTracked/EagerSeedPreparationOnly/NotExposed) bound through DI, with the decision record rewritten minutes after creation.	T-19	E-0220
0dfcc605357fb04e7f9ac6a250949838b56dc5d3	2026-06-18T22:27:12+02:00	docs/BEAUTYQ_CURRENT_STATE_AND_HANDOFF.md;docs/codebase-review/05-search-and-retrieval-architecture.md;docs/codebase-review/06-tests-and-contracts.md;docs/codebase-review/07-current-gaps-and-roadmap.md;docs/codebase-review/ARCHITECTURE_DECISIONS_OBSERVED.md;docs/codebase-review/ES_LIFECYCLE_STATUS_DESIGN.md;docs/codebase-review/INVENTORY.md	deep	RJ — Creates the design-only ES_LIFECYCLE_STATUS_DESIGN.md owner (new lineage path) fixing the operator-facing status shape with productionLifecycleComplete=false rule and non-approved boundaries, registered across six owners.	T-19	E-0221
4a273d54fd6ef56964e46991035d96024ffc5c9b	2026-06-18T22:35:57+02:00	docs/BEAUTYQ_CURRENT_STATE_AND_HANDOFF.md;docs/codebase-review/05-search-and-retrieval-architecture.md;docs/codebase-review/06-tests-and-contracts.md;docs/codebase-review/07-current-gaps-and-roadmap.md;docs/codebase-review/ARCHITECTURE_DECISIONS_OBSERVED.md;docs/codebase-review/ES_LIFECYCLE_STATUS_DESIGN.md;docs/codebase-review/INVENTORY.md	deep	RJ — The lifecycle-status design document flips its own status header from design-only to model/encoder-implemented-exposure-incomplete as ElasticsearchLifecycleStatusResponse is documented; M4/M5 milestone wording updates track a temporary-machinery boundary shift.	T-19	E-0222
a1fb1c2c59536b88d78c98d4256f17ccab4bc7f7	2026-06-18T22:43:53+02:00	docs/BEAUTYQ_CURRENT_STATE_AND_HANDOFF.md;docs/codebase-review/05-search-and-retrieval-architecture.md;docs/codebase-review/06-tests-and-contracts.md;docs/codebase-review/07-current-gaps-and-roadmap.md;docs/codebase-review/ARCHITECTURE_DECISIONS_OBSERVED.md;docs/codebase-review/ES_LIFECYCLE_STATUS_DESIGN.md;docs/codebase-review/INVENTORY.md	deep	RJ — Adds the pure unbound ElasticsearchStartupReadinessTransition model with NotEnforced serving decision for both outcomes, extending the documented startup-readiness ladder while explicitly not wiring composition.	T-19	E-0223
4591274fd9f948b696ca239b5202fb02ecb197f8	2026-06-18T22:50:31+02:00	docs/BEAUTYQ_CURRENT_STATE_AND_HANDOFF.md;docs/codebase-review/06-tests-and-contracts.md;docs/codebase-review/07-current-gaps-and-roadmap.md;docs/codebase-review/ARCHITECTURE_DECISIONS_OBSERVED.md;docs/codebase-review/ES_LIFECYCLE_STATUS_DESIGN.md	semantic-scan	RJ — Records transition-to-status JSON-equality alignment proof and refines the decision-10 consequence wording; a coverage/status refinement without a new boundary decision.	T-19	E-0224
3c91503d842296eb45b4d7b6333389311c5bf912	2026-06-18T22:55:01+02:00	docs/BEAUTYQ_CURRENT_STATE_AND_HANDOFF.md;docs/codebase-review/07-current-gaps-and-roadmap.md;docs/codebase-review/INVENTORY.md;docs/demo/beauty-search-es-seed-demo-queries.md;docs/demo/beauty-search-es-seed-demo.md;docs/http-legacy-json-contracts.md;docs/http-master-service-offer-variant-typed-get-plan.md	deep	RJ — Creates the Docs pruning candidates governance table (delete candidate vs stale-but-retained vs retain classifications), rewrites the typed-GET plan into a historical note, narrows the legacy-JSON inventory to its residual Profile value, and adds an incremental-pruning rule blocking broad deletion; documentation-governance ownership is relocated into INVENTORY.	T-44	E-0225
9ae0e20426138bdfbc85a966ace50eba2ce99bef	2026-06-18T23:12:22+02:00	docs/codebase-review/04-api-and-http-contracts.md;docs/codebase-review/06-tests-and-contracts.md;docs/codebase-review/07-current-gaps-and-roadmap.md;docs/codebase-review/INVENTORY.md;docs/codebase-review/PASS_3_AUDIT.md;docs/codebase-review/REVIEW_NOTES.md;docs/http-legacy-json-contracts.md;docs/http-master-service-offer-variant-typed-get-plan.md	deep	RJ — Major documentary retirement: both HTTP migration docs (ordinals 78/85 owners) are deleted after the ProfileApi/LegacyJsonResponse exception and typed-GET completion truth is moved into 04/06; review-note and audit references are rewritten post-deletion; a transfer-audit seed.	T-03,T-44	E-0226
c54a251e66940de52f03af8c744b16c3f215a67a	2026-06-18T23:23:53+02:00	docs/BEAUTYQ_CURRENT_STATE_AND_HANDOFF.md;docs/codebase-review/05-search-and-retrieval-architecture.md;docs/codebase-review/06-tests-and-contracts.md;docs/codebase-review/07-current-gaps-and-roadmap.md;docs/codebase-review/ARCHITECTURE_DECISIONS_OBSERVED.md;docs/codebase-review/ES_LIFECYCLE_STATUS_DESIGN.md;docs/codebase-review/INVENTORY.md	deep	RJ — Flips the startup transition from not-wired to DI-bound-but-non-serving through the ES seed route graphs, a documented wiring-status change across seven owners with the no-gating wall restated.	T-19	E-0227
04507b959aae7005bf7eaf9414d05975b58b95c7	2026-06-18T23:33:44+02:00	docs/BEAUTYQ_CURRENT_STATE_AND_HANDOFF.md;docs/codebase-review/05-search-and-retrieval-architecture.md;docs/codebase-review/06-tests-and-contracts.md;docs/codebase-review/07-current-gaps-and-roadmap.md;docs/codebase-review/ARCHITECTURE_DECISIONS_OBSERVED.md;docs/codebase-review/ES_LIFECYCLE_STATUS_DESIGN.md;docs/codebase-review/INVENTORY.md	deep	RJ — Adds the pure non-serving ElasticsearchStartupReadinessStatusResponse projection with a fixed prepared/failed JSON shape to the design doc's implemented boundary, extending the operator-visibility ladder without exposure.	T-19	E-0228
efc0ff67d8f06b2538e2a753239b9489862dbe73	2026-06-18T23:39:11+02:00	docs/BEAUTYQ_CURRENT_STATE_AND_HANDOFF.md;docs/codebase-review/04-api-and-http-contracts.md;docs/codebase-review/05-search-and-retrieval-architecture.md;docs/codebase-review/06-tests-and-contracts.md;docs/codebase-review/07-current-gaps-and-roadmap.md;docs/codebase-review/ARCHITECTURE_DECISIONS_OBSERVED.md;docs/codebase-review/ES_LIFECYCLE_STATUS_DESIGN.md;docs/codebase-review/ES_STARTUP_SERVING_GATE_DESIGN.md;docs/codebase-review/INVENTORY.md	deep	RJ — Declares M4 Closed, deletes the M4 decision-menu/strategic-intent/risk section from the roadmap, creates the 289-line design-only ES_STARTUP_SERVING_GATE_DESIGN.md owner with unapproved enforcement choices, and notes closure was not full-suite verified.	T-19	E-0229,E-0230
2a421e74455fdf364e4a57ab83af7a594605a996	2026-06-18T23:46:27+02:00	docs/BEAUTYQ_CURRENT_STATE_AND_HANDOFF.md;docs/codebase-review/06-tests-and-contracts.md;docs/codebase-review/07-current-gaps-and-roadmap.md;docs/codebase-review/ARCHITECTURE_DECISIONS_OBSERVED.md;docs/codebase-review/ES_LIFECYCLE_STATUS_DESIGN.md;docs/codebase-review/ES_STARTUP_SERVING_GATE_DESIGN.md;docs/codebase-review/INVENTORY.md	semantic-scan	RJ — Records the new cross-model consistency spec and its non-enforcement caveat across owners and extends the M5 progress string; a coverage-status sync without a new boundary decision.		
b2a23da76ca6323b905b9329c3a50b2c7fbdffc2	2026-06-18T23:50:15+02:00	docs/BEAUTYQ_CURRENT_STATE_AND_HANDOFF.md;docs/codebase-review/06-tests-and-contracts.md;docs/codebase-review/07-current-gaps-and-roadmap.md;docs/codebase-review/ARCHITECTURE_DECISIONS_OBSERVED.md;docs/codebase-review/ES_LIFECYCLE_STATUS_DESIGN.md;docs/codebase-review/ES_STARTUP_SERVING_GATE_DESIGN.md;docs/codebase-review/INVENTORY.md;docs/codebase-review/M5_ES_LIFECYCLE_CHECKPOINT.md	deep	RJ — Creates the M5_ES_LIFECYCLE_CHECKPOINT.md consolidating owner: implemented non-serving seams, remaining gaps, six enforcement prerequisites and ordered next safe slices; a new documentary fold of the preceding 90 minutes.	T-19	E-0231
61665693551036a945b93012c2c13d1be2dd2cb8	2026-06-18T23:56:05+02:00	docs/BEAUTYQ_CURRENT_STATE_AND_HANDOFF.md;docs/codebase-review/05-search-and-retrieval-architecture.md;docs/codebase-review/06-tests-and-contracts.md;docs/codebase-review/07-current-gaps-and-roadmap.md;docs/codebase-review/ARCHITECTURE_DECISIONS_OBSERVED.md;docs/codebase-review/ES_STARTUP_SERVING_GATE_DESIGN.md;docs/codebase-review/ES_STARTUP_SERVING_GATE_SOURCE_CONFIRMATION.md;docs/codebase-review/INVENTORY.md;docs/codebase-review/M5_ES_LIFECYCLE_CHECKPOINT.md	deep	RJ — Creates the 229-line ES_STARTUP_SERVING_GATE_SOURCE_CONFIRMATION.md owner that distinguishes app-start fail-closed (implicit) from a runtime route gate, names the smallest future enforcement seam, and redesignates the next safe step to spec-only route tests.	T-19	E-0232
0291a39dc769124ff1975d2ea71f9f9b803a5ce6	2026-06-19T00:09:17+02:00	docs/BEAUTYQ_CURRENT_STATE_AND_HANDOFF.md;docs/codebase-review/05-search-and-retrieval-architecture.md;docs/codebase-review/06-tests-and-contracts.md;docs/codebase-review/07-current-gaps-and-roadmap.md;docs/codebase-review/ARCHITECTURE_DECISIONS_OBSERVED.md;docs/codebase-review/ES_STARTUP_SERVING_GATE_DESIGN.md;docs/codebase-review/ES_STARTUP_SERVING_GATE_SOURCE_CONFIRMATION.md;docs/codebase-review/INVENTORY.md;docs/codebase-review/M5_ES_LIFECYCLE_CHECKPOINT.md	deep	RJ — Converts the serving-gate future-test section into implemented app-start fail-closed/prepared-serving coverage with named test-classification taxonomies, keeping the runtime 503 gate explicitly unimplemented; a status flip in the proof ladder.	T-19	E-0233
713d43a26b28a0697829d4a86cbd817226b63195	2026-06-19T00:18:29+02:00	docs/BEAUTYQ_CURRENT_STATE_AND_HANDOFF.md;docs/codebase-review/05-search-and-retrieval-architecture.md;docs/codebase-review/06-tests-and-contracts.md;docs/codebase-review/07-current-gaps-and-roadmap.md;docs/codebase-review/ARCHITECTURE_DECISIONS_OBSERVED.md;docs/codebase-review/ES_LIFECYCLE_STATUS_DESIGN.md;docs/codebase-review/ES_STARTUP_SERVING_GATE_DESIGN.md;docs/codebase-review/ES_STARTUP_SERVING_GATE_SOURCE_CONFIRMATION.md;docs/codebase-review/INVENTORY.md;docs/codebase-review/M5_ES_LIFECYCLE_CHECKPOINT.md	deep	RJ — Closes M5 22 minutes after recording it incomplete, as a bounded startup-readiness checkpoint, splitting the remaining production lifecycle into three named future tracks and adding a closeout-justification test list; a milestone scope contraction with explicit non-completion walls.	T-19	E-0234
5bb5af4f1780262e0acc032007ed9894170adef4	2026-06-19T00:24:47+02:00	docs/BEAUTYQ_CURRENT_STATE_AND_HANDOFF.md;docs/codebase-review/05-search-and-retrieval-architecture.md;docs/codebase-review/06-tests-and-contracts.md;docs/codebase-review/07-current-gaps-and-roadmap.md;docs/codebase-review/ARCHITECTURE_DECISIONS_OBSERVED.md;docs/codebase-review/ES_LIFECYCLE_STATUS_DESIGN.md;docs/codebase-review/ES_OPERATOR_VISIBILITY_SOURCE_CONFIRMATION.md;docs/codebase-review/ES_STARTUP_SERVING_GATE_DESIGN.md;docs/codebase-review/ES_STARTUP_SERVING_GATE_SOURCE_CONFIRMATION.md;docs/codebase-review/INVENTORY.md;docs/codebase-review/M5_ES_LIFECYCLE_CHECKPOINT.md	deep	RJ — Creates the 240-line ES_OPERATOR_VISIBILITY_SOURCE_CONFIRMATION.md owner naming the next future track and inventorying the seven source models available for later operator exposure without new ES calls.	T-20	E-0235
bf813844a43ea732249de24cbed79d50de347290	2026-06-19T00:33:07+02:00	docs/BEAUTYQ_CURRENT_STATE_AND_HANDOFF.md;docs/codebase-review/05-search-and-retrieval-architecture.md;docs/codebase-review/06-tests-and-contracts.md;docs/codebase-review/07-current-gaps-and-roadmap.md;docs/codebase-review/ARCHITECTURE_DECISIONS_OBSERVED.md;docs/codebase-review/ES_LIFECYCLE_STATUS_DESIGN.md;docs/codebase-review/ES_OPERATOR_VISIBILITY_ENDPOINT_POLICY.md;docs/codebase-review/ES_OPERATOR_VISIBILITY_SOURCE_CONFIRMATION.md;docs/codebase-review/INVENTORY.md;docs/codebase-review/M5_ES_LIFECYCLE_CHECKPOINT.md	deep	RJ — Creates the 434-line Design A endpoint-policy draft owner enumerating path candidates, auth/status/response policies and prerequisites, all explicitly unapproved.	T-20	E-0236
0484ba22717e22164a5aeb5eac0bd994584c4fe2	2026-06-19T00:43:07+02:00	docs/BEAUTYQ_CURRENT_STATE_AND_HANDOFF.md;docs/codebase-review/05-search-and-retrieval-architecture.md;docs/codebase-review/06-tests-and-contracts.md;docs/codebase-review/07-current-gaps-and-roadmap.md;docs/codebase-review/ARCHITECTURE_DECISIONS_OBSERVED.md;docs/codebase-review/ES_LIFECYCLE_STATUS_DESIGN.md;docs/codebase-review/ES_OPERATOR_VISIBILITY_ENDPOINT_POLICY.md;docs/codebase-review/ES_OPERATOR_VISIBILITY_SOURCE_CONFIRMATION.md;docs/codebase-review/INVENTORY.md;docs/codebase-review/M5_ES_LIFECYCLE_CHECKPOINT.md	semantic-scan	RJ — Records 28 ScalaTest pending expectations encoding Design A draft behavior and corrects the older no-pending-markers observation; a pending-spec status addition without policy decision.	T-20	E-0237
18973942b532888a43c146cff593f1371ff13b39	2026-06-19T00:53:30+02:00	docs/BEAUTYQ_CURRENT_STATE_AND_HANDOFF.md;docs/codebase-review/05-search-and-retrieval-architecture.md;docs/codebase-review/06-tests-and-contracts.md;docs/codebase-review/07-current-gaps-and-roadmap.md;docs/codebase-review/ARCHITECTURE_DECISIONS_OBSERVED.md;docs/codebase-review/ES_LIFECYCLE_STATUS_DESIGN.md;docs/codebase-review/ES_OPERATOR_VISIBILITY_ENDPOINT_POLICY.md;docs/codebase-review/ES_OPERATOR_VISIBILITY_IMPLEMENTATION_SOURCE_CONFIRMATION.md;docs/codebase-review/ES_OPERATOR_VISIBILITY_SOURCE_CONFIRMATION.md;docs/codebase-review/INVENTORY.md;docs/codebase-review/M5_ES_LIFECYCLE_CHECKPOINT.md	deep	RJ — Creates the implementation-slice source-confirmation owner naming the smallest future file set, and redefines M6 Qdrant shadow readiness as gated by a stable production-serving baseline (offline/parity groundwork until then); a milestone-term semantic redefinition.	T-20,T-22	E-0238,E-0239
a81ec6395410ba19671f4be3f0f32888812f18d4	2026-06-19T09:53:32+02:00	docs/BEAUTYQ_CURRENT_STATE_AND_HANDOFF.md;docs/codebase-review/06-tests-and-contracts.md;docs/codebase-review/07-current-gaps-and-roadmap.md;docs/codebase-review/ARCHITECTURE_DECISIONS_OBSERVED.md;docs/codebase-review/ES_LIFECYCLE_STATUS_DESIGN.md;docs/codebase-review/ES_OPERATOR_VISIBILITY_ENDPOINT_POLICY.md;docs/codebase-review/ES_OPERATOR_VISIBILITY_IMPLEMENTATION_SOURCE_CONFIRMATION.md;docs/codebase-review/ES_OPERATOR_VISIBILITY_SOURCE_CONFIRMATION.md;docs/codebase-review/INVENTORY.md;docs/codebase-review/M5_ES_LIFECYCLE_CHECKPOINT.md	deep	RJ — Design A becomes an implemented opt-in endpoint the next morning: the lifecycle-status design header flips from no-endpoint-implemented to implemented-opt-in, Decision 13 is recorded ahead of Decision 12, the auth-policy test item is dropped from the implemented list, and default-graph absence is the pinned boundary.	T-20	E-0240
1d01a7a64f326ce4479edec6953080ad81ddfb1b	2026-06-19T10:08:55+02:00	docs/BEAUTYQ_CURRENT_STATE_AND_HANDOFF.md;docs/codebase-review/05-search-and-retrieval-architecture.md;docs/codebase-review/06-tests-and-contracts.md;docs/codebase-review/07-current-gaps-and-roadmap.md;docs/codebase-review/ARCHITECTURE_DECISIONS_OBSERVED.md;docs/codebase-review/ES_LIFECYCLE_STATUS_DESIGN.md;docs/codebase-review/ES_OPERATOR_VISIBILITY_ENDPOINT_POLICY.md;docs/codebase-review/ES_OPERATOR_VISIBILITY_IMPLEMENTATION_SOURCE_CONFIRMATION.md;docs/codebase-review/ES_OPERATOR_VISIBILITY_SOURCE_CONFIRMATION.md;docs/codebase-review/INVENTORY.md;docs/codebase-review/M5_ES_LIFECYCLE_CHECKPOINT.md	semantic-scan	RJ — Reconciles the stale not-exposed/28-pending wording across owners after the endpoint implementation and upgrades the no-new-ES-calls test to a real HTTP-client count assertion; a propagation/consistency sync.		
d0571350716a0813ba761e6c29daeebdf7f8cfc3	2026-06-19T10:23:28+02:00	docs/BEAUTYQ_CURRENT_STATE_AND_HANDOFF.md;docs/codebase-review/05-search-and-retrieval-architecture.md;docs/codebase-review/06-tests-and-contracts.md;docs/codebase-review/07-current-gaps-and-roadmap.md;docs/codebase-review/ARCHITECTURE_DECISIONS_OBSERVED.md;docs/codebase-review/ES_LIFECYCLE_STATUS_DESIGN.md;docs/codebase-review/ES_OPERATOR_VISIBILITY_ENDPOINT_POLICY.md;docs/codebase-review/ES_OPERATOR_VISIBILITY_IMPLEMENTATION_SOURCE_CONFIRMATION.md;docs/codebase-review/ES_OPERATOR_VISIBILITY_SOURCE_CONFIRMATION.md;docs/codebase-review/INVENTORY.md;docs/codebase-review/M5_ES_LIFECYCLE_CHECKPOINT.md	deep	RJ — Declares the Design A track closed with module-level opt-in as the only realized exposure policy, and drops the documented no-failure-status-exposed guarantee from the implemented test list as the pending future-test framing shifts to Design B/C.	T-20	E-0241
a483b319bf8a587b376dc84f2e640ffb71099bb6	2026-06-19T10:33:52+02:00	docs/BEAUTYQ_CURRENT_STATE_AND_HANDOFF.md;docs/codebase-review/05-search-and-retrieval-architecture.md;docs/codebase-review/06-tests-and-contracts.md;docs/codebase-review/07-current-gaps-and-roadmap.md;docs/codebase-review/ARCHITECTURE_DECISIONS_OBSERVED.md;docs/codebase-review/ES_LIFECYCLE_STATUS_DESIGN.md;docs/codebase-review/ES_OPERATOR_VISIBILITY_ENDPOINT_POLICY.md;docs/codebase-review/ES_OPERATOR_VISIBILITY_IMPLEMENTATION_SOURCE_CONFIRMATION.md;docs/codebase-review/ES_OPERATOR_VISIBILITY_SOURCE_CONFIRMATION.md;docs/codebase-review/ES_RUNTIME_ROUTE_GATE_POLICY.md;docs/codebase-review/ES_STARTUP_SERVING_GATE_DESIGN.md;docs/codebase-review/ES_STARTUP_SERVING_GATE_SOURCE_CONFIRMATION.md;docs/codebase-review/INVENTORY.md;docs/codebase-review/M5_ES_LIFECYCLE_CHECKPOINT.md	deep	RJ — Creates the ES_RUNTIME_ROUTE_GATE_POLICY.md owner and records Candidate A (keep app-start fail-closed only, defer runtime HTTP gate) as the preferred current decision for the runtime serving-gate track.	T-21	E-0242
ed7aa2cef7d15e7f4069f4698ec48c917afd9f00	2026-06-19T10:56:04+02:00	docs/BEAUTYQ_CURRENT_STATE_AND_HANDOFF.md;docs/codebase-review/05-search-and-retrieval-architecture.md;docs/codebase-review/06-tests-and-contracts.md;docs/codebase-review/07-current-gaps-and-roadmap.md;docs/codebase-review/ARCHITECTURE_DECISIONS_OBSERVED.md;docs/codebase-review/INVENTORY.md	deep	RJ — Reframes Qdrant from shadow-first to production-candidate path (no shadow machinery unless re-approved), redefines M6 again ten hours after its prior definition, makes M7/M8 conditional on direct readiness, and adds a larger-chunk delivery/model directive to the handoff.	T-16,T-22	E-0243,E-0244
710cdd08df39af4083ae3ee256d2dbcdbe6d41a2	2026-06-19T11:59:42+02:00	docs/BEAUTYQ_CURRENT_STATE_AND_HANDOFF.md;docs/codebase-review/05-search-and-retrieval-architecture.md;docs/codebase-review/06-tests-and-contracts.md;docs/codebase-review/07-current-gaps-and-roadmap.md;docs/codebase-review/ARCHITECTURE_DECISIONS_OBSERVED.md;docs/codebase-review/INVENTORY.md;docs/search-dsl-qdrant-vector-backend.md	deep	RJ — Adds the pure Qdrant production-candidate readiness foundation with conservative not-ready defaults and relaxes the ES-before-Qdrant hardening sequencing into separate bounded tracks.	T-22	E-0245
2212f6a2fcd26a4869610d5646b5d68130f96d88	2026-06-19T12:14:39+02:00	docs/BEAUTYQ_CURRENT_STATE_AND_HANDOFF.md;docs/codebase-review/05-search-and-retrieval-architecture.md;docs/codebase-review/06-tests-and-contracts.md;docs/codebase-review/07-current-gaps-and-roadmap.md;docs/codebase-review/ARCHITECTURE_DECISIONS_OBSERVED.md;docs/codebase-review/INVENTORY.md;docs/search-dsl-qdrant-vector-backend.md	deep	RJ — Defines the quality/parity gate converting EngineEval evidence into deterministic readiness statuses and changes the eval relationship from output does not satisfy the gate automatically to output satisfies quality only after explicit rule evaluation.	T-18	E-0246
50f2a4227bca06de3b98d9c1dc358c397f644de3	2026-06-19T12:35:23+02:00	docs/BEAUTYQ_CURRENT_STATE_AND_HANDOFF.md;docs/codebase-review/05-search-and-retrieval-architecture.md;docs/codebase-review/06-tests-and-contracts.md;docs/codebase-review/07-current-gaps-and-roadmap.md;docs/codebase-review/ARCHITECTURE_DECISIONS_OBSERVED.md;docs/codebase-review/INVENTORY.md;docs/search-dsl-qdrant-vector-backend.md	deep	RJ — Adds the pure activation-policy model with four explicit scopes and the recorded block that future production-route activation is not approved here.	T-18	E-0247
76027c34b66bbc95de0c2d82001c0c4ab6b34a81	2026-06-19T14:07:33+02:00	docs/BEAUTYQ_CURRENT_STATE_AND_HANDOFF.md;docs/codebase-review/05-search-and-retrieval-architecture.md;docs/codebase-review/06-tests-and-contracts.md;docs/codebase-review/07-current-gaps-and-roadmap.md;docs/codebase-review/ARCHITECTURE_DECISIONS_OBSERVED.md;docs/codebase-review/INVENTORY.md;docs/search-dsl-qdrant-vector-backend.md	deep	RJ — Adds indexing/search readiness adapters plus rough remaining-commit estimates into the long-lived handoff and shifts the Qdrant terminology to active production-candidate work distinct from production wiring.	T-18	E-0248
65d7038659d438290c9043d07c71cdedceb3a800	2026-06-19T14:21:05+02:00	docs/BEAUTYQ_CURRENT_STATE_AND_HANDOFF.md;docs/codebase-review/05-search-and-retrieval-architecture.md;docs/codebase-review/06-tests-and-contracts.md;docs/codebase-review/07-current-gaps-and-roadmap.md;docs/codebase-review/ARCHITECTURE_DECISIONS_OBSERVED.md;docs/codebase-review/INVENTORY.md;docs/search-dsl-qdrant-vector-backend.md	deep	RJ — Adds observability and rollback/disable readiness adapters, and within the same pass upgrades the runtime route-gate wording from current recommendation to policy chose Candidate A without any implementation commit.	T-21	E-0249
5f4ecc7344de61a0a7821c26a27deaee22fa978f	2026-06-19T15:04:28+02:00	docs/BEAUTYQ_CURRENT_STATE_AND_HANDOFF.md;docs/codebase-review/05-search-and-retrieval-architecture.md;docs/codebase-review/06-tests-and-contracts.md;docs/codebase-review/07-current-gaps-and-roadmap.md;docs/codebase-review/ARCHITECTURE_DECISIONS_OBSERVED.md;docs/codebase-review/INVENTORY.md;docs/search-dsl-qdrant-vector-backend.md	deep	RJ — Closes M6 as the pure readiness foundation, renames M7 from hybrid-policy to activation/policy work, and changes the handoff priority heading from ES stabilization to post-M6 planning.	T-18	E-0250
f64a4d6668a134ba421c4e8dc86039d8981a710f	2026-06-19T15:59:01+02:00	docs/BEAUTYQ_CURRENT_STATE_AND_HANDOFF.md;docs/codebase-review/05-search-and-retrieval-architecture.md;docs/codebase-review/06-tests-and-contracts.md;docs/codebase-review/07-current-gaps-and-roadmap.md;docs/codebase-review/ARCHITECTURE_DECISIONS_OBSERVED.md;docs/codebase-review/INVENTORY.md;docs/search-dsl-qdrant-vector-backend.md	deep	RJ — Starts M7 with the pure activation-planning model and four explicit future target scopes, and finally repairs the long-stale handoff no-endpoint-implemented line.	T-18,T-20	E-0251
e193b92ebdc8f1bcc863ae82cf67187392e5ba34	2026-06-19T16:27:21+02:00	docs/BEAUTYQ_CURRENT_STATE_AND_HANDOFF.md;docs/codebase-review/05-search-and-retrieval-architecture.md;docs/codebase-review/06-tests-and-contracts.md;docs/codebase-review/07-current-gaps-and-roadmap.md;docs/codebase-review/ARCHITECTURE_DECISIONS_OBSERVED.md;docs/codebase-review/INVENTORY.md;docs/search-dsl-qdrant-vector-backend.md	deep	RJ — Adds the disabled-by-default config gate and separates no-regression evidence from evidence approval as distinct prerequisites in M7 activation planning.	T-18	E-0252
3b1197df580c788ba8f1a72d7136e279916f265b	2026-06-19T18:13:03+02:00	docs/BEAUTYQ_CURRENT_STATE_AND_HANDOFF.md;docs/codebase-review/05-search-and-retrieval-architecture.md;docs/codebase-review/06-tests-and-contracts.md;docs/codebase-review/07-current-gaps-and-roadmap.md;docs/codebase-review/ARCHITECTURE_DECISIONS_OBSERVED.md;docs/codebase-review/INVENTORY.md;docs/search-dsl-qdrant-vector-backend.md	semantic-scan	RJ — Respecifies the pending opt-in route-boundary wording (separate module outside default apiElasticsearch, config-approval consumption path); a normative refinement of already-introduced contracts without a new model.		
0db911d4ab68610af35f9893acac79ec6d7b818d	2026-06-19T18:24:06+02:00	docs/BEAUTYQ_CURRENT_STATE_AND_HANDOFF.md;docs/codebase-review/05-search-and-retrieval-architecture.md;docs/codebase-review/06-tests-and-contracts.md;docs/codebase-review/07-current-gaps-and-roadmap.md;docs/codebase-review/ARCHITECTURE_DECISIONS_OBSERVED.md;docs/codebase-review/INVENTORY.md;docs/search-dsl-qdrant-vector-backend.md	deep	RJ — Closes M7 activation planning two hours after starting it, adds the aggregate closeout spec, and removes the coordinator progress-snapshot estimates from the handoff heading to post-M7 separate serving decision.	T-18	E-0253
633d7defe9bb35d2aa45d93c35df969994d9e1dd	2026-06-19T18:35:14+02:00	docs/BEAUTYQ_CURRENT_STATE_AND_HANDOFF.md;docs/codebase-review/06-tests-and-contracts.md;docs/codebase-review/07-current-gaps-and-roadmap.md;docs/local/M_ESQ_EVAL_EVIDENCE_RUN_TEMPLATE.md;docs/search-dsl-qdrant-vector-backend.md	deep	RJ — Bridges offline EngineEval evidence into activation no-regression evidence with a formal evidence-vs-approval split and adds an activation evidence boundary section to the M-ESQ-EVAL runbook.	T-18	E-0254
190fb61d0f189f83fcfbd023ed87fc50ae9d8b4a	2026-06-19T19:09:55+02:00	docs/BEAUTYQ_CURRENT_STATE_AND_HANDOFF.md;docs/codebase-review/06-tests-and-contracts.md;docs/codebase-review/07-current-gaps-and-roadmap.md;docs/search-dsl-qdrant-vector-backend.md	deep	RJ — Records the post-M7 no-serving guardrail making the accepted Option72 decision bundle capture-only evidence that can request but never imply implementation or serving approval.	T-18	E-0255
7913555c2c5c9488e30e8d24917e9970b7f1d46e	2026-06-19T20:57:12+02:00	docs/BEAUTYQ_CURRENT_STATE_AND_HANDOFF.md;docs/codebase-review/06-tests-and-contracts.md;docs/codebase-review/07-current-gaps-and-roadmap.md;docs/search-dsl-qdrant-vector-backend.md	deep	RJ — Adds the pure approval-request readiness model that separates request-ready evidence from implementation approval and requires serving approval to remain absent.	T-18	E-0256
f2ab06c9b7531909195ed012ff2334b391aea131	2026-06-19T21:24:53+02:00	docs/BEAUTYQ_CURRENT_STATE_AND_HANDOFF.md;docs/codebase-review/06-tests-and-contracts.md;docs/codebase-review/07-current-gaps-and-roadmap.md;docs/search-dsl-qdrant-vector-backend.md	semantic-scan	RJ — Editorial relabel of the approval-request model as a closeout record plus restated not-approval caveats; status wording sync with no new boundary.		
b0be18f5abe931fc4e019eb96e60c1aef3589884	2026-06-20T01:31:45+02:00	docs/BEAUTYQ_CURRENT_STATE_AND_HANDOFF.md;docs/codebase-review/05-search-and-retrieval-architecture.md;docs/codebase-review/06-tests-and-contracts.md;docs/codebase-review/07-current-gaps-and-roadmap.md;docs/codebase-review/ES_LIFECYCLE_STATUS_DESIGN.md;docs/codebase-review/ES_RUNTIME_ROUTE_GATE_POLICY.md;docs/codebase-review/ES_STARTUP_SERVING_GATE_DESIGN.md;docs/codebase-review/ES_STARTUP_SERVING_GATE_SOURCE_CONFIRMATION.md;docs/codebase-review/M5_ES_LIFECYCLE_CHECKPOINT.md	semantic-scan	RJ — Clarification pass restating the post-M5 track split as intentional future tracks not an unaccepted remainder, with the prepared-serving/fail-closed/no-503 three-way current-behavior framing; no new model.		
a5b035107cb29982d97024f3bad0ab7a7998aa4c	2026-06-20T01:38:02+02:00	docs/BEAUTYQ_CURRENT_STATE_AND_HANDOFF.md;docs/codebase-review/05-search-and-retrieval-architecture.md;docs/codebase-review/06-tests-and-contracts.md;docs/codebase-review/07-current-gaps-and-roadmap.md;docs/codebase-review/ES_LIFECYCLE_STATUS_DESIGN.md;docs/codebase-review/ES_RUNTIME_ROUTE_GATE_POLICY.md;docs/codebase-review/M5_ES_LIFECYCLE_CHECKPOINT.md	semantic-scan	RJ — Boundary-clarification commit adding a catalog-replacement source-of-truth contract area (restoring one of the M4 decisions deleted at ordinal 276) and importing Option77 coordinator numbering into the handoff.	T-19	E-0257
3016c966f7802101ae0ba56ba8eac50e6565993e	2026-06-20T01:45:04+02:00	docs/BEAUTYQ_CURRENT_STATE_AND_HANDOFF.md;docs/codebase-review/05-search-and-retrieval-architecture.md;docs/codebase-review/06-tests-and-contracts.md;docs/codebase-review/07-current-gaps-and-roadmap.md;docs/codebase-review/ARCHITECTURE_DECISIONS_OBSERVED.md;docs/codebase-review/ES_LIFECYCLE_STATUS_DESIGN.md;docs/codebase-review/ES_RUNTIME_ROUTE_GATE_POLICY.md;docs/codebase-review/M5_ES_LIFECYCLE_CHECKPOINT.md	semantic-scan	RJ — Defines the full-lifecycle-operations contract area and future command-surface test list in the same clarification style; boundary definition without new implementation claims.	T-19	E-0258
9776575f2398303abd50c00d0010b47de3f8b652	2026-06-20T01:49:09+02:00	docs/BEAUTYQ_CURRENT_STATE_AND_HANDOFF.md;docs/codebase-review/05-search-and-retrieval-architecture.md;docs/codebase-review/06-tests-and-contracts.md;docs/codebase-review/07-current-gaps-and-roadmap.md;docs/codebase-review/ARCHITECTURE_DECISIONS_OBSERVED.md;docs/codebase-review/ES_LIFECYCLE_STATUS_DESIGN.md;docs/codebase-review/ES_RUNTIME_ROUTE_GATE_POLICY.md;docs/codebase-review/M5_ES_LIFECYCLE_CHECKPOINT.md	semantic-scan	RJ — Adds handoff section 1.5 ES post-M5 planning aggregate closing the planning set and repeating the not-a-failed-milestone framing; consolidation of restated boundaries.		
cd7416aa381b101974752afd9e66e900ed65f84e	2026-06-20T02:03:02+02:00	docs/BEAUTYQ_CURRENT_STATE_AND_HANDOFF.md;docs/codebase-review/05-search-and-retrieval-architecture.md;docs/codebase-review/06-tests-and-contracts.md;docs/codebase-review/07-current-gaps-and-roadmap.md;docs/codebase-review/ARCHITECTURE_DECISIONS_OBSERVED.md;docs/codebase-review/ES_LIFECYCLE_STATUS_DESIGN.md;docs/codebase-review/ES_RUNTIME_ROUTE_GATE_POLICY.md;docs/codebase-review/INVENTORY.md;docs/codebase-review/M5_ES_LIFECYCLE_CHECKPOINT.md;docs/search-dsl-qdrant-vector-backend.md	deep	RJ — Major handoff consolidation: adds the coordinator load-in and decision-boundary sections and heavily compresses the M5/M6/M7 status mega-bullets, moving detail out of the canonical handoff into the linked docs; documentation-architecture event with transfer-audit relevance.	T-04	E-0259
6baf45135e0a64dc47975fb116b2acc8653ab5eb	2026-06-20T02:48:33+02:00	docs/BEAUTYQ_CURRENT_STATE_AND_HANDOFF.md;docs/codebase-review/05-search-and-retrieval-architecture.md;docs/codebase-review/06-tests-and-contracts.md;docs/codebase-review/07-current-gaps-and-roadmap.md;docs/codebase-review/ARCHITECTURE_DECISIONS_OBSERVED.md;docs/codebase-review/ES_LIFECYCLE_STATUS_DESIGN.md;docs/codebase-review/ES_RUNTIME_ROUTE_GATE_POLICY.md;docs/codebase-review/INVENTORY.md;docs/codebase-review/M5_ES_LIFECYCLE_CHECKPOINT.md;docs/search-dsl-qdrant-vector-backend.md	deep	RJ — Creates handoff section 0 Coordinator source truth designating itself the load-bearing status owner, recording the Distage include NPE incident, its test-only fix, exact full-suite totals and the pending map, and instructing other docs to point here.	T-04,T-15	E-0260
bde899b810d52cf9da9152e78fec6f4cc3008b12	2026-06-20T02:53:37+02:00	docs/BEAUTYQ_CURRENT_STATE_AND_HANDOFF.md;docs/codebase-review/05-search-and-retrieval-architecture.md;docs/codebase-review/06-tests-and-contracts.md;docs/codebase-review/07-current-gaps-and-roadmap.md;docs/codebase-review/ARCHITECTURE_DECISIONS_OBSERVED.md;docs/codebase-review/ES_LIFECYCLE_STATUS_DESIGN.md;docs/codebase-review/ES_RUNTIME_ROUTE_GATE_POLICY.md;docs/codebase-review/INVENTORY.md;docs/codebase-review/M5_ES_LIFECYCLE_CHECKPOINT.md;docs/search-dsl-qdrant-vector-backend.md	deep	RJ — T011 promotion after documentary reopen: creates the canonical 8-entry pending-expectation map in 06-tests-and-contracts with per-expectation owner/approval/activation/removal conditions, declares other docs must point there, updates the INVENTORY owner-role line and re-points eight owners at it; an evidence-ownership and source-of-truth designation requiring deep (previously scanned as a designation without a new decision).	T-04,T-15,T-18	E-0261
5b4db3390c26691a14f04f39f0a46480a28f303e	2026-06-20T10:28:30+02:00	docs/BEAUTYQ_CURRENT_STATE_AND_HANDOFF.md;docs/codebase-review/05-search-and-retrieval-architecture.md;docs/codebase-review/06-tests-and-contracts.md;docs/codebase-review/07-current-gaps-and-roadmap.md;docs/search-dsl-qdrant-vector-backend.md	deep	RJ — Implementation approval is granted and implemented for the disabled-by-default explicit opt-in Qdrant route module with a prerequisite evidence gate; the five plus one pending expectations become active tests while production activation stays unapproved.	T-18	E-0262
655c609e02e47bed9e89390d7389b54bfd0490d1	2026-06-20T10:39:15+02:00	docs/BEAUTYQ_CURRENT_STATE_AND_HANDOFF.md;docs/codebase-review/05-search-and-retrieval-architecture.md;docs/codebase-review/06-tests-and-contracts.md;docs/codebase-review/07-current-gaps-and-roadmap.md;docs/local/M_ESQ_EVAL_EVIDENCE_RUN_TEMPLATE.md;docs/search-dsl-qdrant-vector-backend.md	deep	RJ — Documents the no-real-traffic readiness model: shadow serving and traffic mirroring become future-only non-blocking because the project context has no production traffic, replacing the earlier shadow-baseline gate framing with offline curated-query readiness evidence.	T-22	E-0263
821e11869bce8813b2055ef3abe427750a3e695a	2026-06-20T11:07:46+02:00	docs/BEAUTYQ_CURRENT_STATE_AND_HANDOFF.md;docs/codebase-review/05-search-and-retrieval-architecture.md;docs/codebase-review/06-tests-and-contracts.md;docs/codebase-review/07-current-gaps-and-roadmap.md;docs/local/M_ESQ_EVAL_EVIDENCE_RUN_TEMPLATE.md;docs/local/QDRANT_EXPLICIT_OPTIN_ROUTE_SMOKE_CHECKLIST.md;docs/search-dsl-qdrant-vector-backend.md	deep	RJ — Creates the operator smoke checklist owner for the opt-in route, refreshes exact full-suite totals in canonical docs (1189/2 pending), and removes stale pending-only wording; new operational documentary owner plus status sync.	T-15,T-18	E-0264
b129df9edb81b18a425bbcbdca0f79cc1920e527	2026-06-20T12:20:46+02:00	docs/BEAUTYQ_CURRENT_STATE_AND_HANDOFF.md;docs/codebase-review/05-search-and-retrieval-architecture.md;docs/codebase-review/06-tests-and-contracts.md;docs/codebase-review/07-current-gaps-and-roadmap.md;docs/local/QDRANT_EXPLICIT_OPTIN_ROUTE_SMOKE_CHECKLIST.md;docs/local/QDRANT_PRODUCTION_ACTIVATION_DECISION_CRITERIA.md;docs/search-dsl-qdrant-vector-backend.md	deep	RJ — Creates the production activation decision-criteria owner keeping any future default-route switch behind stricter separate approval and interpreting existing green evidence narrowly.	T-18	E-0265
cba52b3fc9d0723c9fc72aa988be9579c25545ad	2026-06-20T12:40:26+02:00	docs/BEAUTYQ_CURRENT_STATE_AND_HANDOFF.md;docs/codebase-review/05-search-and-retrieval-architecture.md;docs/codebase-review/07-current-gaps-and-roadmap.md;docs/local/BEAUTYQ_ES_QDRANT_HYBRID_RETRIEVAL_ROADMAP.md;docs/local/QDRANT_PRODUCTION_ACTIVATION_DECISION_CRITERIA.md;docs/search-dsl-hybrid-v1-plan.md	deep	RJ — Creates the ES+Qdrant+hybrid end-state roadmap owner translating user goals into an M8-M17 future ladder (telemetry, query classification, routing, fusion, controlled hybrid, online optimization), doubling the documented roadmap horizon while restating that everything past M7 is future work.	T-22	E-0266
b58a43693f57953c2013d7edffebced6dad43281	2026-06-20T12:43:41+02:00	docs/local/BEAUTYQ_ES_QDRANT_HYBRID_RETRIEVAL_ROADMAP.md	clerical	RJ — Inspected compaction of the just-created roadmap: ten separate not-implemented bullets merged into one sentence and one intensifier dropped; no semantic change.		
8078c2e7399158309c7cc272bea5f83ba648566e	2026-06-20T12:51:32+02:00	docs/BEAUTYQ_CURRENT_STATE_AND_HANDOFF.md;docs/codebase-review/07-current-gaps-and-roadmap.md;docs/local/BEAUTYQ_ES_QDRANT_HYBRID_RETRIEVAL_ROADMAP.md;docs/local/M8_M9_TELEMETRY_AND_OFFLINE_EVAL_PLAN.md;docs/local/M_ESQ_EVAL_EVIDENCE_RUN_TEMPLATE.md;docs/search-dsl-hybrid-v1-plan.md	deep	RJ — Creates the 322-line paired M8/M9 planning owner defining shared telemetry/offline-eval attribution vocabulary, planned metric/event families, dataset coverage and per-query-class reporting requirements.	T-17	E-0267
64b19b5d6dcd9de56c016ff658dfd598025b90e1	2026-06-20T13:04:59+02:00	docs/BEAUTYQ_CURRENT_STATE_AND_HANDOFF.md;docs/codebase-review/06-tests-and-contracts.md;docs/codebase-review/07-current-gaps-and-roadmap.md;docs/local/BEAUTYQ_ES_QDRANT_HYBRID_RETRIEVAL_ROADMAP.md;docs/local/M8_M9_TELEMETRY_AND_OFFLINE_EVAL_PLAN.md;docs/local/M_ESQ_EVAL_EVIDENCE_RUN_TEMPLATE.md;docs/search-dsl-hybrid-v1-plan.md	deep	RJ — Records the first pure M8/M9 shared vocabulary/query-class/metric/event contract family as implemented with an explicit vocabulary-only non-serving boundary.	T-17	E-0268
1facc99bd8c6a37be61c1785cf19f4f029e88b61	2026-06-20T20:37:02+02:00	docs/BEAUTYQ_CURRENT_STATE_AND_HANDOFF.md;docs/codebase-review/06-tests-and-contracts.md;docs/codebase-review/07-current-gaps-and-roadmap.md;docs/local/BEAUTYQ_ES_QDRANT_HYBRID_RETRIEVAL_ROADMAP.md;docs/local/M8_M9_TELEMETRY_AND_OFFLINE_EVAL_PLAN.md;docs/local/M_ESQ_EVAL_EVIDENCE_RUN_TEMPLATE.md;docs/search-dsl-hybrid-v1-plan.md	deep	RJ — Documents the stable-versioned M9 saved dataset/report format and deterministic markdown renderer as implemented contracts without backend execution.	T-17	E-0269
9252cdc6da8b2297c0469bd876c59fe30091d3ef	2026-06-20T20:48:58+02:00	docs/BEAUTYQ_CURRENT_STATE_AND_HANDOFF.md;docs/codebase-review/06-tests-and-contracts.md;docs/codebase-review/07-current-gaps-and-roadmap.md;docs/local/BEAUTYQ_ES_QDRANT_HYBRID_RETRIEVAL_ROADMAP.md;docs/local/M8_M9_TELEMETRY_AND_OFFLINE_EVAL_PLAN.md;docs/local/M_ESQ_EVAL_EVIDENCE_RUN_TEMPLATE.md;docs/search-dsl-hybrid-v1-plan.md	deep	RJ — Documents the pure static/in-memory M9 runner skeleton with deterministic validation as the next implemented offline slice.	T-17	E-0270
a6fd5a168b3f19e290fd8cd86b536c667edef95e	2026-06-20T21:06:11+02:00	docs/BEAUTYQ_CURRENT_STATE_AND_HANDOFF.md;docs/codebase-review/06-tests-and-contracts.md;docs/codebase-review/07-current-gaps-and-roadmap.md;docs/local/BEAUTYQ_ES_QDRANT_HYBRID_RETRIEVAL_ROADMAP.md;docs/local/M8_M9_TELEMETRY_AND_OFFLINE_EVAL_PLAN.md;docs/local/M_ESQ_EVAL_EVIDENCE_RUN_TEMPLATE.md;docs/search-dsl-hybrid-v1-plan.md	deep	RJ — Documents canonical static fixtures and a checked-in example artifact with sample_not_for_activation semantics preventing fixture misuse as activation evidence.	T-17	E-0271
c7368dfa63f0d766bfd98c4f2e999cbc49377e09	2026-06-20T21:14:09+02:00	docs/BEAUTYQ_CURRENT_STATE_AND_HANDOFF.md;docs/codebase-review/07-current-gaps-and-roadmap.md;docs/local/BEAUTYQ_DOCS_INVENTORY_AND_CONSOLIDATION_MAP.md	deep	RJ — Creates the docs inventory/consolidation map owner establishing a reading order and per-topic canonical-owner authority list, plus explicit do-not-delete classifications.	T-04,T-44	E-0272
aa3790d7710fbabce51251eda55ec21563f26274	2026-06-20T21:29:31+02:00	docs/BEAUTYQ_CURRENT_STATE_AND_HANDOFF.md;docs/codebase-review/05-search-and-retrieval-architecture.md;docs/codebase-review/06-tests-and-contracts.md;docs/codebase-review/07-current-gaps-and-roadmap.md;docs/codebase-review/ARCHITECTURE_DECISIONS_OBSERVED.md;docs/local/BEAUTYQ_DOCS_INVENTORY_AND_CONSOLIDATION_MAP.md;docs/local/BEAUTYQ_ES_QDRANT_HYBRID_RETRIEVAL_ROADMAP.md;docs/local/M8_M9_TELEMETRY_AND_OFFLINE_EVAL_PLAN.md;docs/local/M_ESQ_EVAL_EVIDENCE_RUN_TEMPLATE.md;docs/local/QDRANT_EXPLICIT_OPTIN_ROUTE_SMOKE_CHECKLIST.md;docs/search-dsl-hybrid-v1-plan.md;docs/search-dsl-qdrant-vector-backend.md	deep	RJ — Adds the M9 backend-runner execution-seam plan with attribution rules and stop conditions (no hidden fallback, no failure rewritten as success, offline metrics never production quality) inside the plan owner.	T-17	E-0273
92cfbf678fc645ef1aae4199f946917862a7db6f	2026-06-20T21:47:42+02:00	docs/BEAUTYQ_CURRENT_STATE_AND_HANDOFF.md;docs/codebase-review/06-tests-and-contracts.md;docs/codebase-review/07-current-gaps-and-roadmap.md;docs/local/BEAUTYQ_ES_QDRANT_HYBRID_RETRIEVAL_ROADMAP.md;docs/local/M8_M9_TELEMETRY_AND_OFFLINE_EVAL_PLAN.md;docs/local/M_ESQ_EVAL_EVIDENCE_RUN_TEMPLATE.md;docs/search-dsl-hybrid-v1-plan.md	deep	RJ — Backend-runner interfaces become implemented value contracts plus manual/static adapter, and the plan section heading drops its Future prefix while re-titling the seam status.	T-17	E-0274
987e5cfd937abb278fa06ab7be8a1f35dbc47f3b	2026-06-20T22:02:01+02:00	docs/BEAUTYQ_CURRENT_STATE_AND_HANDOFF.md;docs/codebase-review/06-tests-and-contracts.md;docs/codebase-review/07-current-gaps-and-roadmap.md;docs/local/BEAUTYQ_ES_QDRANT_HYBRID_RETRIEVAL_ROADMAP.md;docs/local/M8_M9_TELEMETRY_AND_OFFLINE_EVAL_PLAN.md;docs/local/M_ESQ_EVAL_EVIDENCE_RUN_TEMPLATE.md;docs/search-dsl-hybrid-v1-plan.md	deep	RJ — Documents the pure M8 telemetry schema renderer/static adapter with conditional-future metric marking as an implemented descriptive-only slice.	T-17	E-0275
ebaca7fdbea08517a07de3d5330d055af844b407	2026-06-20T22:06:29+02:00	docs/BEAUTYQ_CURRENT_STATE_AND_HANDOFF.md;docs/codebase-review/05-search-and-retrieval-architecture.md;docs/codebase-review/06-tests-and-contracts.md;docs/codebase-review/07-current-gaps-and-roadmap.md;docs/local/BEAUTYQ_DOCS_INVENTORY_AND_CONSOLIDATION_MAP.md;docs/local/BEAUTYQ_ES_QDRANT_HYBRID_RETRIEVAL_ROADMAP.md;docs/local/M8_M9_TELEMETRY_AND_OFFLINE_EVAL_PLAN.md;docs/local/M_ESQ_EVAL_EVIDENCE_RUN_TEMPLATE.md;docs/search-dsl-hybrid-v1-plan.md;docs/search-dsl-qdrant-vector-backend.md	deep	RJ — Specifies the planned real ES/Qdrant offline adapter seams with input/output attribution requirements and expanded stop conditions (no production route as test harness, no hidden fallback).	T-17	E-0276
48c80227d091427c153d1d29124632da8c205972	2026-06-20T22:18:41+02:00	docs/BEAUTYQ_CURRENT_STATE_AND_HANDOFF.md;docs/codebase-review/06-tests-and-contracts.md;docs/codebase-review/07-current-gaps-and-roadmap.md;docs/local/BEAUTYQ_ES_QDRANT_HYBRID_RETRIEVAL_ROADMAP.md;docs/local/M8_M9_TELEMETRY_AND_OFFLINE_EVAL_PLAN.md;docs/local/M_ESQ_EVAL_EVIDENCE_RUN_TEMPLATE.md;docs/search-dsl-hybrid-v1-plan.md	deep	RJ — Documents implemented pure ES/Qdrant offline adapter skeletons with failures-as-data and source/mode attribution validation before any real client work.	T-17	E-0277
906622bfd69f9e9355e68b4221cba86ff9021799	2026-06-20T22:33:04+02:00	docs/BEAUTYQ_CURRENT_STATE_AND_HANDOFF.md;docs/codebase-review/06-tests-and-contracts.md;docs/codebase-review/07-current-gaps-and-roadmap.md;docs/local/BEAUTYQ_ES_QDRANT_HYBRID_RETRIEVAL_ROADMAP.md;docs/local/M8_M9_TELEMETRY_AND_OFFLINE_EVAL_PLAN.md;docs/local/M_ESQ_EVAL_EVIDENCE_RUN_TEMPLATE.md;docs/search-dsl-hybrid-v1-plan.md	deep	RJ — Moves adapter failure fixtures from implementation candidate to implemented via the failure-matrix contract, hardening expectations before real backend clients exist.	T-17	E-0278
ec09529bcacd245dbaaa4b8ec4718288bb716af6	2026-06-20T22:38:41+02:00	docs/BEAUTYQ_CURRENT_STATE_AND_HANDOFF.md;docs/codebase-review/07-current-gaps-and-roadmap.md;docs/local/BEAUTYQ_ES_QDRANT_HYBRID_RETRIEVAL_ROADMAP.md;docs/local/M8_M9_TELEMETRY_AND_OFFLINE_EVAL_PLAN.md;docs/local/M_ESQ_EVAL_EVIDENCE_RUN_TEMPLATE.md;docs/search-dsl-hybrid-v1-plan.md	deep	RJ — Designs the real-adapter execution gate (env-flag enablement, required-input table, stop conditions) as planning only with Option122 numbering recorded in canonical docs.	T-17	E-0279
307d94e945ab332a314e51a2a463e8a03674afcc	2026-06-20T22:56:49+02:00	docs/BEAUTYQ_CURRENT_STATE_AND_HANDOFF.md;docs/codebase-review/06-tests-and-contracts.md;docs/codebase-review/07-current-gaps-and-roadmap.md;docs/local/BEAUTYQ_ES_QDRANT_HYBRID_RETRIEVAL_ROADMAP.md;docs/local/M8_M9_TELEMETRY_AND_OFFLINE_EVAL_PLAN.md;docs/local/M_ESQ_EVAL_EVIDENCE_RUN_TEMPLATE.md;docs/search-dsl-hybrid-v1-plan.md	deep	RJ — Documents the resource-gated real-backend spike scaffold as implemented with default-disabled denial and not-configured evidence as data; refreshes exact full-suite totals (1269).	T-17	E-0280
04fb1a25bd412f125047ec8af88407df9b25d976	2026-06-20T23:22:54+02:00	docs/BEAUTYQ_CURRENT_STATE_AND_HANDOFF.md;docs/local/M8_M9_TELEMETRY_AND_OFFLINE_EVAL_PLAN.md	deep	RJ — Documents gated spike saved-report artifact capture with byte-for-byte checked-in no-success artifacts and updates the numbered slice table.	T-17	E-0281
496ae44cb3c50bb1cfaef0a0b91664e62b48c443	2026-06-20T23:35:17+02:00	docs/BEAUTYQ_CURRENT_STATE_AND_HANDOFF.md;docs/codebase-review/06-tests-and-contracts.md;docs/codebase-review/07-current-gaps-and-roadmap.md;docs/local/BEAUTYQ_ES_QDRANT_HYBRID_RETRIEVAL_ROADMAP.md;docs/local/M8_M9_TELEMETRY_AND_OFFLINE_EVAL_PLAN.md;docs/local/M_ESQ_EVAL_EVIDENCE_RUN_TEMPLATE.md;docs/search-dsl-hybrid-v1-plan.md	deep	RJ — Documents ES-only gated smoke evidence with no-fake-success and attribution guarantees plus a checked-in not-configured artifact.	T-17	E-0282
d8eb7bf67a37f5bc801dd92647f493b812038343	2026-06-20T23:48:34+02:00	docs/BEAUTYQ_CURRENT_STATE_AND_HANDOFF.md;docs/codebase-review/06-tests-and-contracts.md;docs/codebase-review/07-current-gaps-and-roadmap.md;docs/local/BEAUTYQ_ES_QDRANT_HYBRID_RETRIEVAL_ROADMAP.md;docs/local/M8_M9_TELEMETRY_AND_OFFLINE_EVAL_PLAN.md;docs/local/M_ESQ_EVAL_EVIDENCE_RUN_TEMPLATE.md;docs/search-dsl-hybrid-v1-plan.md	deep	RJ — Mirrors the gated smoke evidence contract for Qdrant-only runs, adding embedding/vector prerequisite absence as warning data.	T-17	E-0283
e978e3c0bbd99a6a1541d27e5a9ef96e2257213c	2026-06-21T00:04:32+02:00	docs/BEAUTYQ_CURRENT_STATE_AND_HANDOFF.md;docs/codebase-review/06-tests-and-contracts.md;docs/codebase-review/07-current-gaps-and-roadmap.md;docs/local/BEAUTYQ_ES_QDRANT_HYBRID_RETRIEVAL_ROADMAP.md;docs/local/M8_M9_TELEMETRY_AND_OFFLINE_EVAL_PLAN.md;docs/local/M_ESQ_EVAL_EVIDENCE_RUN_TEMPLATE.md;docs/search-dsl-hybrid-v1-plan.md	deep	RJ — Documents the combined ES/Qdrant gated smoke evidence index artifact layer that summarizes per-backend not-configured evidence without claiming hybrid/fallback/fusion.	T-17	E-0284
2cbb27c49620e170a7f51b82a06f27b7ccb4e7d0	2026-06-21T11:09:30+02:00	docs/BEAUTYQ_CURRENT_STATE_AND_HANDOFF.md;docs/local/M8_M9_TELEMETRY_AND_OFFLINE_EVAL_PLAN.md	deep	RJ — Registers the uploaded 63-query multilingual BeautyQ eval dataset as a checked-in offline fixture with pure metadata constants and deferred JSON parsing; a user-supplied dataset becomes corpus evidence.	T-17	E-0285
9a5d7a39f0afcbec6a357ee063b31f1eb6c1950d	2026-06-21T11:27:23+02:00	docs/BEAUTYQ_CURRENT_STATE_AND_HANDOFF.md;docs/local/M8_M9_TELEMETRY_AND_OFFLINE_EVAL_PLAN.md	semantic-scan	RJ — Representative static-row mapping introduces manual/unknown attribution rows and a checked-in artifact while deferring full expansion and JSON parsing.	T-17	E-0286
b52b7865301f02b13ae40d7e4aed7660892f6e9e	2026-06-21T11:56:54+02:00	docs/BEAUTYQ_CURRENT_STATE_AND_HANDOFF.md;docs/local/M8_M9_TELEMETRY_AND_OFFLINE_EVAL_PLAN.md	semantic-scan	RJ — Expands the static-row mapping to all 63 query ids with placeholders plus three anchors; quantitative continuation of the established pattern with the same boundaries.		
248af49edad5fc0d5ff1e4678e13d64cedffafcd	2026-06-21T13:52:51+02:00	AGENTS.md;docs/BEAUTYQ_CURRENT_STATE_AND_HANDOFF.md;docs/local/M8_M9_TELEMETRY_AND_OFFLINE_EVAL_PLAN.md	deep	RJ — AGENTS adds a search/eval task-named-reading scope rule plus sbt command-hygiene and no-setup-probe governance rules, and the handoff records the static scorecard contract that explicitly counts 60 placeholder-only rows and zero backend evidence.	T-16,T-17	E-0287,E-0288
091f038bff9f9c7fe8f838a9fa81520372e803f6	2026-06-21T14:10:33+02:00	docs/BEAUTYQ_CURRENT_STATE_AND_HANDOFF.md;docs/local/M8_M9_TELEMETRY_AND_OFFLINE_EVAL_PLAN.md	deep	RJ — Real-call checkpoint contract: default not eligible without explicit resource config, offline/resource-gated eligibility only, and operator approval required for combined comparison.	T-17	E-0289
55addc0a308f0179f57052b031ed3be9de583796	2026-06-21T14:22:10+02:00	docs/BEAUTYQ_CURRENT_STATE_AND_HANDOFF.md;docs/local/M8_M9_TELEMETRY_AND_OFFLINE_EVAL_PLAN.md	clerical	RJ — Inspected consolidation of duplicated M9 evidence wording into the canonical handoff/plan summaries with all verdict constants preserved; editorial compaction of already-relevant material.		
3ac96d0560686dea7a3059b1d21d37938a34d66a	2026-06-21T23:17:18+02:00	docs/BEAUTYQ_CURRENT_STATE_AND_HANDOFF.md;docs/local/M8_M9_TELEMETRY_AND_OFFLINE_EVAL_PLAN.md	deep	RJ — Closes the real-resource smoke evidence chain (prerequisites audit, evidence schema, deterministic renderer) whose default artifact can only render blocked/skip, never success; totals update to 1398.	T-17	E-0290
b2bbe7fe56cdb7daa282a1fe0d2a8ac74bdd38c8	2026-06-21T23:43:23+02:00	docs/local/M9_REAL_RESOURCE_SMOKE_RUNBOOK.md;docs/local/M8_M9_TELEMETRY_AND_OFFLINE_EVAL_PLAN.md	deep	RJ — Creates the future-only operator real-resource smoke runbook owner defining per-mode prerequisites and pending-execution semantics.	T-17	E-0291
835e70e9a57c2f1639e9792cb2606ab22ffd9f45	2026-06-22T00:11:58+02:00	docs/BEAUTYQ_CURRENT_STATE_AND_HANDOFF.md;docs/local/M9_REAL_RESOURCE_SMOKE_RUNBOOK.md;docs/local/M8_M9_TELEMETRY_AND_OFFLINE_EVAL_PLAN.md	deep	RJ — Closes the real-resource execution gate milestone as planning/reporting only with three gate designs capped at pending_explicit_execution_task; totals 1440.	T-17	E-0292
f63ab40b0fb0ee4b02e0d35b84fc39333e92187f	2026-06-22T10:22:12+02:00	docs/BEAUTYQ_CURRENT_STATE_AND_HANDOFF.md;docs/local/BEAUTYQ_ES_QDRANT_HYBRID_RETRIEVAL_ROADMAP.md;docs/local/M8_M9_TELEMETRY_AND_OFFLINE_EVAL_PLAN.md	deep	RJ — Closes M10 with a full 63-query classification count table in the handoff (48 mixed-intent, one negative-control exclusion), establishing offline routing-policy semantics explicitly not touching production routing.	T-22	E-0293
a1d3c5c156270ea56a317480980367fe2babf422	2026-06-22T10:59:45+02:00	docs/BEAUTYQ_CURRENT_STATE_AND_HANDOFF.md;docs/local/BEAUTYQ_ES_QDRANT_HYBRID_RETRIEVAL_ROADMAP.md;docs/local/M8_M9_TELEMETRY_AND_OFFLINE_EVAL_PLAN.md	deep	RJ — Closes M11 as offline request/result placeholder contracts, replacing the original M11 intent bullets (top-N/top-M generation, dedup, attribution, stable empty/error, opt-in only) with a closed planning-only description; a roadmap-content rewrite relevant to transfer audit.	T-22	E-0294
3ee3366b3d9c5d04b07db1de59d0ad5582355db9	2026-06-22T14:03:44+02:00	AGENTS.md	semantic-scan	RJ — AGENTS adds an in-repo scratch/temp-artifact governance rule (no explicit absolute scratch/device paths for repo work/validation); an operational-governance addition in the historical AGENTS lineage.	T-43	E-0518
182482a58ef2b38c6afb1dcb2853b868386f46c3	2026-06-22T15:01:10+02:00	docs/BEAUTYQ_CURRENT_STATE_AND_HANDOFF.md;docs/local/BEAUTYQ_ES_QDRANT_HYBRID_RETRIEVAL_ROADMAP.md;docs/local/M8_M9_TELEMETRY_AND_OFFLINE_EVAL_PLAN.md	deep	RJ — Canonical M12 fusion/reranking planning closeout: schema-only policy catalog and experiment-plan counts with explicit no-execution/no-fabrication boundaries recorded once in the handoff.	T-18,T-22	E-0295
8ac06aef23a7a472eb72f2018cda67885df3891b	2026-06-22T15:47:32+02:00	docs/BEAUTYQ_CURRENT_STATE_AND_HANDOFF.md;docs/local/BEAUTYQ_ES_QDRANT_HYBRID_RETRIEVAL_ROADMAP.md;docs/local/M8_M9_TELEMETRY_AND_OFFLINE_EVAL_PLAN.md	deep	RJ — M13A controlled opt-in route planning closeout with five route-planning states and denied drift classes, explicitly not treating M12 placeholder rows as quality evidence.	T-18,T-22	E-0296
eb2d792a31d26a7c0fd9559a7685a5e502b1d94a	2026-06-22T19:05:38+02:00	docs/BEAUTYQ_CURRENT_STATE_AND_HANDOFF.md;docs/local/BEAUTYQ_ES_QDRANT_HYBRID_RETRIEVAL_ROADMAP.md;docs/local/M8_M9_TELEMETRY_AND_OFFLINE_EVAL_PLAN.md	deep	RJ — M14 acceptance supersedes the same-day Candidate A runtime-gate deferral: a disabled-by-default BeautySearchServingGate with HTTP 503 enabled-not-ready semantics and local/dev-only fallback policy is documented, closing the last pending operator-visibility expectations.	T-20,T-21	E-0297
9f9e24e047fab009e265f68989845628d77b45c8	2026-06-22T19:17:40+02:00	docs/BEAUTYQ_CURRENT_STATE_AND_HANDOFF.md;docs/local/BEAUTYQ_M15_SERVING_READINESS_MANUAL_SMOKE_CHECKLIST.md	deep	RJ — Creates the M15 manual serving-readiness smoke checklist owner restating the gate-state/status-code table as an operational artifact.	T-21	E-0298
7c9ba7df7059632c3e63db4799b3acfc55d0a6ae	2026-06-22T19:24:06+02:00	docs/local/BEAUTYQ_M15_SERVING_READINESS_MANUAL_SMOKE_CHECKLIST.md	clerical	RJ — Inspected same-evening trim of duplicated M14 prose from the new checklist, replaced by a canonical-handoff pointer with the gate facts kept for the smoke table; mechanical de-duplication of already-relevant material.		
35c7a3747d24785f2a1d067726a675e11d345917	2026-06-22T21:14:32+02:00	docs/BEAUTYQ_CURRENT_STATE_AND_HANDOFF.md;docs/local/BEAUTYQ_ES_QDRANT_HYBRID_RETRIEVAL_ROADMAP.md;docs/local/BEAUTYQ_M15_SERVING_READINESS_MANUAL_SMOKE_CHECKLIST.md;docs/local/M8_M9_TELEMETRY_AND_OFFLINE_EVAL_PLAN.md	deep	RJ — M15 checklist deleted two hours after creation as superseded by executable M16B evidence ids, M16 selector surface folded into the handoff as sole source truth, and the M14/M16 milestone-name collision across tracks is acknowledged in writing.	T-21,T-44	E-0299
868776963557a36a8e11b7fc74cb4a6a24f8a8d1	2026-06-22T21:22:54+02:00	docs/BEAUTYQ_CURRENT_STATE_AND_HANDOFF.md	semantic-scan	RJ — Records M16D/M17A closeout and the newest full-suite totals (1693/0/0/1/0 pending) superseding the 1189 snapshot; a status-total update in the canonical handoff.	T-04,T-15,T-17,T-22	E-0300
d144633b1646e7684d67d439ab61c2cda26a780a	2026-06-22T22:01:49+02:00	docs/BEAUTYQ_CURRENT_STATE_AND_HANDOFF.md;docs/codebase-review/04-api-and-http-contracts.md;docs/codebase-review/05-search-and-retrieval-architecture.md;docs/codebase-review/06-tests-and-contracts.md;docs/codebase-review/07-current-gaps-and-roadmap.md;docs/codebase-review/ARCHITECTURE_DECISIONS_OBSERVED.md;docs/codebase-review/BEAUTYQ_ES_QDRANT_HYBRID_RETRIEVAL_ROADMAP.md;docs/codebase-review/ES_LIFECYCLE_STATUS_DESIGN.md;docs/codebase-review/ES_OPERATOR_VISIBILITY_ENDPOINT_POLICY.md;docs/codebase-review/ES_OPERATOR_VISIBILITY_IMPLEMENTATION_SOURCE_CONFIRMATION.md;docs/codebase-review/ES_OPERATOR_VISIBILITY_SOURCE_CONFIRMATION.md;docs/codebase-review/ES_RUNTIME_ROUTE_GATE_POLICY.md;docs/codebase-review/ES_STARTUP_SERVING_GATE_DESIGN.md;docs/codebase-review/ES_STARTUP_SERVING_GATE_SOURCE_CONFIRMATION.md;docs/codebase-review/INVENTORY.md;docs/codebase-review/M5_ES_LIFECYCLE_CHECKPOINT.md;docs/codebase-review/PASS_3_AUDIT.md;docs/codebase-review/README.md;docs/codebase-review/REVIEW_NOTES.md;docs/local/BEAUTYQ_DOCS_INVENTORY_AND_CONSOLIDATION_MAP.md;docs/local/BEAUTYQ_M9_REAL_RESOURCE_SMOKE_RUNBOOK.md;docs/local/M8_M9_TELEMETRY_AND_OFFLINE_EVAL_PLAN.md;docs/local/M_ESQ_EVAL_EVIDENCE_RUN_TEMPLATE.md;docs/local/QDRANT_EXPLICIT_OPTIN_ROUTE_SMOKE_CHECKLIST.md;docs/search-dsl-hybrid-v1-plan.md;docs/search-dsl-qdrant-vector-backend.md	deep	RJ — Massive prune of the just-created design layer: the nine ES lifecycle/gate/operator-visibility design owners plus PASS_3_AUDIT, REVIEW_NOTES and the docs-inventory map are deleted as superseded leftovers, three plan docs move from local to codebase-review, the Candidate A deferral and Option77 statements are rewritten to historical/superseded framing, and destination is claimed to be handoff section 0; a first-order transfer-audit event whose claimed absorption needs destination verification.	T-20,T-44	E-0301
bd72b8972e2aae66eeeaf2e94d42445de19869b0	2026-06-22T22:24:25+02:00	docs/BEAUTYQ_CURRENT_STATE_AND_HANDOFF.md;docs/codebase-review/04-api-and-http-contracts.md;docs/codebase-review/05-search-and-retrieval-architecture.md;docs/codebase-review/06-tests-and-contracts.md;docs/codebase-review/07-current-gaps-and-roadmap.md;docs/codebase-review/ARCHITECTURE_DECISIONS_OBSERVED.md;docs/codebase-review/BEAUTYQ_ES_QDRANT_HYBRID_RETRIEVAL_ROADMAP.md;docs/codebase-review/INVENTORY.md;docs/codebase-review/M8_M9_TELEMETRY_AND_OFFLINE_EVAL_PLAN.md;docs/codebase-review/QDRANT_PRODUCTION_ACTIVATION_DECISION_CRITERIA.md	deep	RJ — Declares a history-compression policy (retain final result, drop option-by-option archaeology), rewrites the canonical handoff around the final accepted state and compacts duplicate milestone prose across six owners.	T-44	E-0302
b21659af2cf17999c1a51cb2854847f905be1827	2026-06-22T23:04:36+02:00	docs/BEAUTYQ_CURRENT_STATE_AND_HANDOFF.md;docs/codebase-review/07-current-gaps-and-roadmap.md;docs/codebase-review/BEAUTYQ_ES_QDRANT_HYBRID_RETRIEVAL_ROADMAP.md	deep	RJ — Records an M17 scope-drift correction: M17 closed the gate/foundation track, not the original hybrid goal, and renames the colliding roadmap phases to M18-M21.	T-22	E-0303
5de91e32a41d1778de5bc589101dbe60a45c4d9f	2026-06-23T14:39:44+02:00	docs/BEAUTYQ_CURRENT_STATE_AND_HANDOFF.md;docs/codebase-review/07-current-gaps-and-roadmap.md;docs/codebase-review/BEAUTYQ_ES_QDRANT_HYBRID_RETRIEVAL_ROADMAP.md	deep	RJ — Adds M18-M21 acceptance gates requiring real dual-engine execution and metrics over captured candidates, explicitly to prevent the acknowledged M17 scope drift from repeating.	T-17,T-22	E-0304
0c969e75c3d3c8b1f9324713679eebfd08c2e6a1	2026-06-23T15:33:20+02:00	docs/local/COORDINATOR_WORKFLOW_AND_PROMPTING.md	semantic-scan	RJ — Compresses coordinator prompt-form and one-step-lookahead rules into a shorter accepted-closeout-shape section in the governance owner; consolidation of already-recorded process rules.		
5c324c1569d9e8dc63716c0392732ed068edf449	2026-06-23T16:59:37+02:00	AGENTS.md	semantic-scan	RJ — AGENTS adds pre-sbt pruning and pre-final-report unsafe-extraction scan rules; test-hygiene governance additions in the standing owner.		
3d81242af2dbe0c9b14a580e7edf97cc617054c0	2026-06-23T17:16:37+02:00	AGENTS.md	clerical	RJ — Inspected one-hour consolidation of the two just-added AGENTS bullets into the existing unsafe-extraction and prompt-import bullets; wording reorganization with no rule change.		
798e24d815a07396f0fee382c7d7db5a8fcf248d	2026-06-23T21:01:17+02:00	AGENTS.md	deep	RJ — AGENTS gains a keep-domain-policy-out rule routing product routes, roadmap status, domain invariants and milestone notes to project docs, plus the tests/docs/implementation conflict clause — a documentary source-of-truth boundary decision.	T-04,T-16	E-0305
f81111971ac7b421c3bc71437c2c78ed91d41e20	2026-06-23T21:32:48+02:00	docs/codebase-review/M21_POST_DEFER_INVENTORY.md	deep	RJ — Creates the M21 post-defer inventory owner classifying M18-M21 evidence as goal-moving/guardrail/reporting/roadmap-only/consolidation/deletion candidates and mapping the defer blockers with first-material-blocker identification.	T-22	E-0306
4f1e6ba7cd91aca822de7c06e6a79740b1a498bc	2026-06-23T23:17:25+02:00	docs/BEAUTYQ_CURRENT_STATE_AND_HANDOFF.md;docs/codebase-review/07-current-gaps-and-roadmap.md;docs/codebase-review/BEAUTYQ_ES_QDRANT_HYBRID_RETRIEVAL_ROADMAP.md;docs/codebase-review/QDRANT_PRODUCTION_ACTIVATION_DECISION_CRITERIA.md;docs/codebase-review/U_REAL_ES_ROUTE_500_INVESTIGATION.md;docs/search-dsl-hybrid-v1-plan.md	deep	RJ — Records the M21 defer verdict with blocker AP1 and creates the real-ES route 500 investigation owner documenting a graph-wired route failure against real Elasticsearch while six adjacent layers work, ruled-out hypotheses and suspected wiring area.	T-15,T-22	E-0307
2def5a892220058e44906971f93c63919b1baa2a	2026-06-23T23:41:07+02:00	docs/codebase-review/U_REAL_ES_ROUTE_500_INVESTIGATION.md	deep	RJ — Within 24 minutes of creation the investigation doc records that the minimal graph characterization did not reproduce the 500 and reclassifies it as diagnostic-patch/test-wiring/cold-start specific until reproduced.	T-15,T-22	E-0308
4783c927fb4b4eda7d4cc161a46f4fdff6c7d1e2	2026-06-24T00:43:04+02:00	docs/codebase-review/BEAUTYQ_RESPONSE_SHAPE_EVAL_TAXONOMY.md	deep	RJ — Creates the response-shape/eval/seed taxonomy owner recording AP1 cleared, the X finding that the Qdrant positive complement is a tiny-collection recall-floor artifact plus noise, and response assembly policy NOT ready.	T-23	E-0309
7c30e56a530302ecde798dd145309e1d6aabda40	2026-06-24T00:57:37+02:00	docs/codebase-review/BEAUTYQ_FULL_EVAL_SEED_COVERAGE_INVENTORY.md	deep	RJ — Creates the coverage-truth inventory whose headline finding is that the runtime scorecard evidence was measured on a synthetic 3-query fixture, so zero canonical eval rows had runtime scorecard evidence.	T-23	E-0310
5a40091179a73c8aa484b172af62a81c6fa596c0	2026-06-24T01:35:40+02:00	docs/codebase-review/M21_POST_DEFER_INVENTORY.md	semantic-scan	RJ — Inventory updated to mark the obsolete M19B report removed in cleanup and M19H retained for a protected boundary, recording deletion/retention reasons in the existing owner.		
28a3234e4d5051ab1ed00924d528822dd3058e4b	2026-06-24T10:29:46+02:00	docs/BEAUTYQ_CURRENT_STATE_AND_HANDOFF.md	deep	RJ — Handoff gains the Hybrid North Star values section: no-hybrid-by-faith, ES-primary with evidence-gated additive supplement, canonical evidence owner naming, an anti-noise rule banning new report layers, and L2 blocked-policy status.	T-22,T-23	E-0311
7dfe6aef86926c35aa43de9ce35aa89068d24531	2026-06-24T13:17:59+02:00	docs/BEAUTYQ_CURRENT_STATE_AND_HANDOFF.md	deep	RJ — Declares the reusable domain method (seven-step supplement-evaluation procedure) the transferable asset while forbidding blind reuse of BeautyQ thresholds and citing Y0D/Y0E failures; a central reuse/generalization decision.	T-23	E-0312
ffe32a5b553f0ffcc6d0abb3654a6033edf9bc9d	2026-06-24T13:45:05+02:00	README.md;docs/codebase-review/README.md	deep	RJ — README and the review-folder README designate the handoff as the current-truth entry point and demote codebase-review reports/roadmaps to reference material that must not be treated as more current.	T-04	E-0313
fc06f9cba6b6a1ad291f3fefbd48f75d882a7fdd	2026-06-25T10:08:52+02:00	docs/BEAUTYQ_CURRENT_STATE_AND_HANDOFF.md	deep	RJ — Adds the durable runtime supplement evidence ledger: worked / almost-worked (explicit_constraints_filter_plus_top1, not Y1-ready) / did-not-work lists across thresholds, caps, source fields, model size and query-side tags, and names the canonical runtime evidence owner.	T-23	E-0314
fe6b79e60d2844250d0ea08a805d95912e018f86	2026-06-25T15:00:41+02:00	docs/BEAUTYQ_CURRENT_STATE_AND_HANDOFF.md;docs/BEAUTYQ_QDRANT_SUPPLEMENT_LOCAL_ACTIVATION_RUNBOOK.md	deep	RJ — Creates the no-worsening Qdrant supplement local activation runbook owner documenting the operator-value selector, preflight states and ready-boundary rules as operator guidance, not rollout approval.	T-24	E-0315
876ce41f8d2d1a03e1713e63bd47797f2811b9a6	2026-06-25T15:20:26+02:00	docs/BEAUTYQ_QDRANT_SUPPLEMENT_LOCAL_ACTIVATION_RUNBOOK.md	deep	RJ — Runbook boundary rewritten: LeaderboardPlugin now includes the env-reading supplement activation seam instead of apiElasticsearch directly, with absent-config selecting the same ES module and invalid values failing closed at composition time.	T-24	E-0316
b96dba3645e4f48c8a3314b47ca2c2696389b583	2026-06-25T22:51:09+02:00	docs/BEAUTYQ_QDRANT_SUPPLEMENT_LOCAL_ACTIVATION_RUNBOOK.md	deep	RJ — Records the first real operator command (QP11 real-resource preflight) with probe-only boundary and missing-collection-equals-mismatch semantics.	T-24	E-0317
920de3fc9d236ae4cf83835fad56dc08c1328521	2026-06-25T23:17:16+02:00	docs/BEAUTYQ_QDRANT_SUPPLEMENT_LOCAL_ACTIVATION_RUNBOOK.md	deep	RJ — Records the QP12 real-socket launcher smoke and the READY_LAUNCHER_BINDINGS_BLOCKED ready-state blocker with exact missing Distage keys.	T-24	E-0318
cacd9b9869a4d39055def2c402c34949882f4d93	2026-06-25T23:38:40+02:00	docs/BEAUTYQ_QDRANT_SUPPLEMENT_LOCAL_ACTIVATION_RUNBOOK.md	deep	RJ — Records the QP13 runtime binding module closing exactly the three reported keys with no leaf clients and no default-graph inclusion, keeping preflight required.	T-24	E-0319
1582d15a740a1d04d4fcc60227f3b5bee91dccc1	2026-06-26T00:19:33+02:00	docs/BEAUTYQ_QDRANT_SUPPLEMENT_LOCAL_ACTIVATION_RUNBOOK.md	deep	RJ — Runbook ready-state narrative flipped: the previous final blocker expectation no longer holds post-QP13 and the ready route now serves capped at the measured filter-plus-top1 policy with ES prefix preservation.	T-10,T-23,T-24	E-0320
e091a7cf1be45a216b27e33fdf2fc841f01c975f	2026-06-26T00:41:46+02:00	docs/BEAUTYQ_QDRANT_SUPPLEMENT_LOCAL_ACTIVATION_RUNBOOK.md	deep	RJ — Records QP14 operator-visible activation diagnostics as a pure formatter with explicit refusal to invent a runtime logging seam.	T-24	E-0321
7107b0502ee8d89af8514703b2af4b4f76ad15e8	2026-06-26T00:56:01+02:00	docs/BEAUTYQ_QDRANT_SUPPLEMENT_LOCAL_ACTIVATION_RUNBOOK.md	deep	RJ — Records the QP15 end-to-end local ready rehearsal with real preflight READY_TO_ENABLE, and the remaining process/curl source boundary as explicitly blocked pending a port convention.	T-24	E-0322
2b05cd772ba55b50c70a5c92337cebf0d46b1502	2026-06-26T01:12:19+02:00	docs/BEAUTYQ_CURRENT_STATE_AND_HANDOFF.md;docs/BEAUTYQ_QDRANT_SUPPLEMENT_LOCAL_ACTIVATION_RUNBOOK.md;docs/BEAUTYQ_QDRANT_SUPPLEMENT_OPERATOR_CHECKLIST.md	deep	RJ — Creates the short operator checklist owner (ready selection requires preflight READY_TO_ENABLE; rollback is explicit ES-only selection, not fallback) and links it from the handoff beside the runbook.	T-24	E-0323
438c3407b4c18c8ef6fa72114baa74ea6ea0dafb	2026-06-26T12:16:28+02:00	docs/BEAUTYQ_QDRANT_SUPPLEMENT_OPERATOR_CHECKLIST.md	semantic-scan	RJ — Checklist adds the future-domain measured-local-gate acceptance bullet (one positive improvement, zero unbudgeted baseline regression, no default switch) following the QP18 real-resource proof.		
50650002f2417fd587fdbfa857f8875008f163d4	2026-06-26T13:26:10+02:00	docs/BEAUTYQ_QDRANT_SUPPLEMENT_OPERATOR_CHECKLIST.md	semantic-scan	RJ — Checklist records the QP19 measured acceptance-gate metrics section over the intentionally limited two-query source-confirmed set.		
fa78c4024816f889cc0f11d7c42581543436d791	2026-06-26T13:40:08+02:00	docs/BEAUTYQ_CURRENT_STATE_AND_HANDOFF.md;docs/BEAUTYQ_QDRANT_SUPPLEMENT_OPERATOR_CHECKLIST.md;docs/SEARCH_SUPPLEMENT_FUTURE_DOMAIN_GATE_TEMPLATE.md	deep	RJ — Creates the reusable future-domain supplement gate template owner (required metrics, pass conditions, harm budget, forbidden-before-green list) explicitly to prevent future domains repeating the BeautyQ implementation chain, with handoff/checklist pointers.	T-23	E-0324
5258042e26115deb610e5ad6650856fbfa4cc41a	2026-06-26T14:25:20+02:00	docs/BEAUTYQ_QDRANT_SUPPLEMENT_OPERATOR_CHECKLIST.md	semantic-scan	RJ — Checklist records the QP22 widening of the measured gate to four canonical-family queries while preserving the hard no-worsening conditions.		
2b50e33dbe1c49c3b43f56887752bf0790d6f8c2	2026-06-26T14:55:38+02:00	docs/BEAUTYQ_QDRANT_SUPPLEMENT_OPERATOR_CHECKLIST.md	semantic-scan	RJ — Checklist retitles the gate section to the QP23 locked acceptance baseline with the explicit four-query counts and zero-regression expectations.		
fcb189cb39e8a220439f40e23ce274096e5ce54b	2026-06-26T15:49:00+02:00	README.md;docs/BEAUTYQ_CURRENT_STATE_AND_HANDOFF.md;docs/search-dsl-hybrid-v1-plan.md;docs/search-dsl-qdrant-vector-backend.md;docs/codebase-review/01-system-map.md;docs/codebase-review/02-domain-model-guide.md;docs/codebase-review/03-repositories-and-persistence.md;docs/codebase-review/04-api-and-http-contracts.md;docs/codebase-review/05-search-and-retrieval-architecture.md;docs/codebase-review/06-tests-and-contracts.md;docs/codebase-review/07-current-gaps-and-roadmap.md;docs/codebase-review/ARCHITECTURE_DECISIONS_OBSERVED.md;docs/codebase-review/BEAUTYQ_ES_QDRANT_HYBRID_RETRIEVAL_ROADMAP.md;docs/codebase-review/BEAUTYQ_FULL_EVAL_SEED_COVERAGE_INVENTORY.md;docs/codebase-review/BEAUTYQ_RESPONSE_SHAPE_EVAL_TAXONOMY.md;docs/codebase-review/INVENTORY.md;docs/codebase-review/M21_POST_DEFER_INVENTORY.md;docs/codebase-review/M8_M9_TELEMETRY_AND_OFFLINE_EVAL_PLAN.md;docs/codebase-review/QDRANT_PRODUCTION_ACTIVATION_DECISION_CRITERIA.md;docs/codebase-review/README.md;docs/codebase-review/U_REAL_ES_ROUTE_500_INVESTIGATION.md;docs/demo/beauty-search-es-seed-demo-queries.md;docs/demo/beauty-search-es-seed-demo.md;docs/local/BEAUTYQ_M9_REAL_RESOURCE_SMOKE_RUNBOOK.md;docs/local/M_ESQ_EVAL_EVIDENCE_RUN_TEMPLATE.md;docs/local/QDRANT_EXPLICIT_OPTIN_ROUTE_SMOKE_CHECKLIST.md	deep	RJ — Deep-read of surviving documentary diffs: accepted current-state checkpoint restated as the QP24 stop-state (M17A / M17-scope-correction / M18-M21 roadmap / M21-defer+AP1-blocker narrative removed); the whole codebase-review archaeology layer plus demo/local eval-runbook and roadmap owners retired; Qdrant production-activation framing reframed to default-route non-approval; README and handoff documentary entry point relocated to the Qdrant supplement operator checklist and future-domain gate template; canonical per-expectation owner/approval map (06-tests-and-contracts) retired without a named successor doc; search-dsl docs current-execution-source moved to the handoff and non-production activation/factory terminology narrowed to experiment-factory.	T-04,T-12,T-14,T-17,T-18,T-19,T-21,T-22,T-23,T-24,T-44	E-0325,E-0326,E-0327,E-0328,E-0329,E-0330,E-0529
920250c41eaf18c2db1ee33b298584f2aa9a899f	2026-06-26T16:04:11+02:00	README.md;docs/BEAUTYQ_CURRENT_STATE_AND_HANDOFF.md;docs/BEAUTYQ_QDRANT_SUPPLEMENT_LOCAL_ACTIVATION_RUNBOOK.md;docs/BEAUTYQ_QDRANT_SUPPLEMENT_LOCAL_GATE.md;docs/BEAUTYQ_QDRANT_SUPPLEMENT_OPERATOR_CHECKLIST.md;docs/SEARCH_SUPPLEMENT_FUTURE_DOMAIN_GATE_TEMPLATE.md;docs/search-dsl-qdrant-vector-backend.md	deep	RJ — Deep-read: runbook+operator checklist retired into one canonical Qdrant supplement local gate doc and the handoff collapsed from ~200 to ~40 lines into an entry stub; new canonical gate restates the QP24 stop-state with locked measured-gate counts, activation values, failure meanings and non-goals as local/test-only.	T-04,T-23	E-0331,E-0332
10e223166c6e4ec5702d2e0c5e8f78951dd72e80	2026-06-26T16:08:06+02:00	docs/BEAUTYQ_CURRENT_STATE_AND_HANDOFF.md;docs/DISTAGE_HTTP_TESTING.md;docs/LOCAL_LLM_DISTAGE_APP_MODEL.md;docs/LOCAL_LLM_IZUMI_DISTAGE_BIO_REFERENCE.md;docs/LOCAL_LLM_TAPIR_HTTP_REFERENCE.md;docs/SEARCH_DOMAIN_ONBOARDING.md;docs/SEARCH_SUPPLEMENT_ARCHITECTURE.md;docs/search-dsl-domain-onboarding.md;docs/search-dsl-hybrid-v1-plan.md;docs/search-dsl-qdrant-vector-backend.md	deep	RJ — Deep-read: retires the entire March foundational reference corpus (app-model, IZUMI BIO, Tapir HTTP) and the original search-dsl docs, introducing three domain-neutral owners — a baseline/supplement architecture (baseline owns constraints/response/default-route; supplement appends at most one candidate), a generic three-step onboarding method, and a focused HTTP-testing model.	T-10,T-23,T-44	E-0333,E-0334,E-0335
2c89e67d4305f2e4144caf3d45b79b87be543a4e	2026-06-26T16:36:35+02:00	README.md;docs/README.md	deep	RJ — Deep-read: new docs/README index establishes the canonical current-doc taxonomy and a formal Removed historical layers source-of-truth declaration; top-level README reduced from ~120 to ~20 lines (generic distage/Docker/launcher boilerplate removed, matching earlier README exclusions) into a BeautyQ entry map.	T-04,T-44	E-0336
c9e3754a25fda2e27346e4caddd7cc0b6796dad1	2026-06-26T19:19:53+02:00	README.md;docs/BEAUTYQ_QDRANT_SUPPLEMENT_LOCAL_GATE.md;docs/SEARCH_SUPPLEMENT_ARCHITECTURE.md	deep	RJ — Deep-read: introduces the frontend provenance contract (execution modes / supplement statuses / per-variant origins) as explanation-debug-status not a ranking contract; QP25/QP25b advance the local state and reframe activation values as internal rollback-debug; non-goal supplement-as-default softened to no-Qdrant-only-search / no-production-default-change-from-provenance.	T-24,T-25	E-0337,E-0338
fc131913dd914082754926d18cf34ef3bfd6761d	2026-06-26T23:13:53+02:00	README.md;docs/BEAUTYQ_QDRANT_SUPPLEMENT_LOCAL_GATE.md;docs/SEARCH_SUPPLEMENT_ARCHITECTURE.md	deep	RJ — Deep-read: QP26 makes the local managed launcher prepare all local data at startup (Postgres seed, ES index, Qdrant collection/vectors with named identity and dimension) removing the user-facing activation env flag and qualifying no-startup-indexing to no-production-startup-indexing.	T-11,T-24	E-0339
37af31e7e57541f4113c8d1a505c1bef46a9a8cc	2026-06-27T02:29:53+02:00	README.md;docs/BEAUTYQ_QDRANT_SUPPLEMENT_LOCAL_GATE.md	deep	RJ — Deep-read: makes the embedding endpoint a hard startup prerequisite that fails closed before HTTP bind and explicitly forbids silent ES-only degradation or an es_only fallback response while claiming readiness — a lifecycle/readiness normative decision.	T-24	E-0340
b3e9f3a3623e6c115a989cf01a8d0c0683da790c	2026-06-27T09:38:46+02:00	README.md;docs/BEAUTYQ_QDRANT_SUPPLEMENT_LOCAL_GATE.md;docs/SEARCH_SUPPLEMENT_ARCHITECTURE.md	deep	RJ — Deep-read: QP31 adds an idempotent managed-bootstrap fingerprint that skips ES/Qdrant rebuild only on match with compatible live resources, otherwise rebuilds or fails before bind, while the embedding preflight still runs every startup — a lifecycle/state-marker decision.	T-11	E-0341
efe9b692f7fb1be2f66615d48af33fc94ccf179a	2026-06-27T12:40:13+02:00	README.md;docs/BEAUTYQ_QDRANT_SUPPLEMENT_LOCAL_GATE.md	semantic-scan	RJ — Diff read: endpoint moved to Distage config (llama-cpp-embedding / M18_QDRANT_EMBEDDING_ENDPOINT override) with the ownership rule that Scala constructors do not carry runtime endpoint defaults; a config-ownership refinement within the existing local-gate bootstrap, not a new architecture axis.	T-24	E-0342
775507b4b73c0bb3ac888404a1ec7797623f7768	2026-06-27T13:09:10+02:00	beautyq_search_eval_plan_v1.md;docs/SEARCH_SUPPLEMENT_ARCHITECTURE.md	deep	RJ — Deep-read: deletes the first named BeautyQ eval benchmark doc (buyable-unit / three-carousel / 63-query definition) and assigns natural-language budget/range expressions to the baseline parser/DSL and Elasticsearch price-range filter, denying any price-budget ownership to the supplement path.	T-05,T-07,T-14,T-33,T-44	E-0343,E-0344
db1b4a95bcd04f185e2f8cd530d9909c8211005f	2026-06-28T01:28:03+02:00	docs/local/COORDINATOR_WORKFLOW_AND_PROMPTING.md	deep	RJ — Deep-read: adds a coordinator-owned senior audit playbook (nine read-only review waves) gated by the source-truth rule that stale-looking docs are not patch candidates until current source is confirmed — a documentary-governance decision relevant to evidence/reproducibility and architecture-by-process.	T-16	E-0345
442b9c6fa3fdbbf959add894ffbeea1358a2f97e	2026-06-28T01:32:39+02:00	docs/beautyq-search-dsl-v1.md	deep	RJ — Deep-read: retires the Qdrant-only-retrieval framing (supplement candidate-source only), updates the eval total to 64 while deferring detailed counts to the handoff/local gate as owner, and removes the earlier recommended next step to design fallback or hybrid criteria — terminology/status + proposal-retirement + source-of-truth deferral.	T-23	E-0346
9a37e6be062ff5ab59d6ab465d1b507bbf828c89	2026-06-28T14:21:43+02:00	AGENTS.md;docs/local/COORDINATOR_WORKFLOW_AND_PROMPTING.md	deep	RJ — Deep-read of the AGENTS documentary diff: removes the "keep project/domain policy out of this file" boundary so AGENTS now carries domain/process policy, and adds the delegated-agent full-suite prohibition, a USER-VERIFIED FULL GREEN verification label, a cleanup/reset policy, the whole-plugin-include hazard and readiness/weak-set proof rules — a documentation-governance and source-of-truth shift (co-occurring coordinator-workflow rewrite not individually quantified).	T-15	E-0347
6cf9a6e16effa146c78a93fa1af1fbdf47aaf3dc	2026-06-28T15:13:01+02:00	docs/BEAUTYQ_CURRENT_STATE_AND_HANDOFF.md;docs/BEAUTYQ_QDRANT_SUPPLEMENT_LOCAL_GATE.md	deep	RJ — Deep-read: cements the M3 embedding-benchmark comparison contract (selection order fail-red on contract violation, no fixture/auto-pass, cancel-rather-than-fabricate) and clarifies local/test evidence never approves the production/default route; corrects the QP24 commit as a stop-state reference not the current commit.	T-08,T-18	E-0348
93d8d767cb14e4ed2412921cecfc493e42e658df	2026-06-29T21:34:36+02:00	AGENTS.md	semantic-scan	RJ — Diff read: turns the whole-plugin-include hazard into a diagnostic procedure (search ad-hoc broad includes incl apiBase, replace with targeted modules; abort is a graph-construction hazard not product evidence); a process-context refinement of the existing E-0347 section, not a new decision axis.	T-15	E-0349
bea1249f362bbac6ad45a24abcaa9d6a4f0865aa	2026-06-30T15:54:06+02:00	AGENTS.md	duplicate	RJ — Only documentary path AGENTS.md shows the identical before/after blob transition 0b6e5698→7e4e0e60 as primary-lineage 93d8d767; bea1249f is not reachable from develop ancestry (a later-dated non-primary backup-ref commit); documentary substance proven equivalent to 93d8d767.	T-15	E-0350
32a0f9f5722af85f8a92815b2ad39c154ac90a30	2026-06-30T18:37:30+02:00	README.md;docs/README.md;docs/SEARCH_DOMAIN_ONBOARDING.md;docs/SEARCH_SUPPLEMENT_ARCHITECTURE.md;docs/beautyq-search-dsl-v1.md	deep	RJ — Deep-read: documents the model-first repo/runtime architecture (SearchRuntimeSpec generic runtime truth, schema-owned document projection, SearchRuntimeFingerprint gating bootstrap reuse, generic ES/Qdrant modules forbidden to know BeautyQ, app-side adapters in bifunctor-tagless), adds a module-ownership table, and relocates source of truth by retracting BeautySearchSpecV1 as the single source of all search metadata.	T-06,T-11,T-26	E-0351,E-0352
050f26dc7fd33c77a573e105887534ee01eafba8	2026-06-30T19:02:49+02:00	AGENTS.md	deep	RJ — Diff read of a new AGENTS Ownership-and-abstraction section: behavior at its source of truth, no domain hard-coded into reusable layers, name generic vs app boundary before editing, prove reuse with neutral fixtures, prefer small adapters over broad fake-generic code — a documentary-governance and ownership/reuse decision.	T-02,T-26	E-0353,E-0510
0473002cda6be20b0f127ff82472742f676c4268	2026-07-02T13:27:29+02:00	docs/BEAUTYQ_CURRENT_STATE_AND_HANDOFF.md	deep	RJ — Diff read: adds eval-query materialization policy (89-query set with 15 semantic holdouts, bounded materialization prompt, update-the-count-lock-chain) and the Y0R dirty-catalog-profiles measurement-only methodology, while re-introducing M9–M12/M19/Y0R milestone labels into the handoff that B016/B017 had just stripped.	T-15,T-17,T-39,T-42	E-0354
b2b66a711255d89fb2b93be7fc9d2959e5d75ca9	2026-07-03T11:21:40+02:00	README.md;docs/BEAUTYQ_CURRENT_STATE_AND_HANDOFF.md;docs/README.md;docs/SEARCH_DOMAIN_ONBOARDING.md;docs/beautyq-search-dsl-v1.md;docs/local/COORDINATOR_WORKFLOW_AND_PROMPTING.md;docs/search/BEAUTYQ_SEARCH_CONTRACT_MODULE_SPLIT_PLAN.md	deep	RJ — Deep-read: creates the BeautyQ Search Contract Module Split Plan asserting catalog topology is not the full search contract, defining SearchDomainSpec sections (catalog/document/intent/runtime/response/evaluation), a Tapir contract-vs-interpreter analogy, a 10-module target split with an explicit dependency DAG and forbidden dependencies, and aligns README/docs/DSL to the module-split guardrails.	T-06,T-26	E-0355
a22e7639a85891ddb11baf2adc7131a8aa3576be	2026-07-03T12:00:21+02:00	docs/search/BEAUTYQ_SEARCH_CONTRACT_MODULE_SPLIT_PLAN.md	deep	RJ — Deep-read: plan status flips from the Phase-0 docs/architecture freeze to Phase 2 recorded; the record lists the 7 actually-created skeleton modules, a documented sbt-id style deviation from repo convention, placeholder-only sources, and new search-elasticsearch/search-qdrant -> searchContractCore dependency edges.	T-26	E-0356,E-0357
5c3ce5b9f37f632687ff42bb53cbffd8c1c2f2b0	2026-07-03T12:34:57+02:00	docs/search/BEAUTYQ_SEARCH_CONTRACT_MODULE_SPLIT_PLAN.md	deep	RJ — Deep-read: Phase 3 record moves the generic repo/catalog graph primitives into repo-core with the package preserved and keeps every BeautyQ-specific repo companion in bifunctor-tagless — the generic-vs-BeautyQ ownership split executed in the first real move.	T-26	E-0358
159ad36bec903cee2ff6cac50728e2a758e88701	2026-07-03T12:53:13+02:00	docs/search/BEAUTYQ_SEARCH_CONTRACT_MODULE_SPLIT_PLAN.md	deep	RJ — Deep-read: Phase 4 record adds the generic search-contract-core SearchDomainSpec ADT family (catalog/document/intent/runtime/response/eval sections) and the single-inhabitant EvalProductionRoutingEffect marker enforcing the never-claim-production-routing invariant at type level.	T-06,T-15,T-39	E-0359,E-0511
336c1c952950543766e48c9819474fb2ccf5caf5	2026-07-03T13:02:46+02:00	docs/search/BEAUTYQ_SEARCH_CONTRACT_MODULE_SPLIT_PLAN.md	deep	RJ — Deep-read: Phase 5-prerequisite record moves the whole BeautyQ model package into beautyq-model to avoid reintroducing the monolith edge, with the package-object/duplicate-class constraint and the repo/catalog stay-behind list documented as the split rationale.	T-26	E-0360
b9a4ca6524eb3ccf70112bc05ee00318659d260f	2026-07-03T13:23:38+02:00	docs/search/BEAUTYQ_SEARCH_CONTRACT_MODULE_SPLIT_PLAN.md	deep	RJ — Deep-read: Phase 5 record moves only the catalog topology section into beautyq-search-contract with an assertable label that it is not the complete search contract, while repositories/materialization stay out.	T-06	E-0361
6dd4b44a7b71d7cc52a04e06284219226b3e73c1	2026-07-03T13:57:19+02:00	docs/search/BEAUTYQ_SEARCH_CONTRACT_MODULE_SPLIT_PLAN.md	deep	RJ — Deep-read: Phase 6 record documents two preflight stops before the repository move and the ownership decisions placing QueryFailureToThrowable in leaderboard-core and sql.SQL in beautyq-search-repositories to avoid a forbidden cyclic repositories -> bifunctor-tagless edge; a cross-cutting helper was refused misfiling under the repositories-only module.	T-26	E-0362
dc56d5b1216e8bbef8a7816a14ffdd4402c659dd	2026-07-03T15:35:16+02:00	docs/search/BEAUTYQ_SEARCH_CONTRACT_MODULE_SPLIT_PLAN.md	deep	RJ — Deep-read: Phase 7 catalog-materialization slice moves BeautyQCatalogGraph into beautyq-search-materialization and defers document materialization because the document schema mixes contract and projection members and seed-coupled loaders stay behind.	T-26,T-29	E-0363
49b470e2b4e6e6f7d76e000dc19f49a56452e5b3	2026-07-03T15:59:05+02:00	docs/search/BEAUTYQ_SEARCH_CONTRACT_MODULE_SPLIT_PLAN.md	deep	RJ — Deep-read: Phase 8a intent/field-semantics slice moves SearchConstraint, BeautyQSearchIntentVocabulary and BeautyQSearchFieldSemantics into beautyq-search-contract and records file-by-file entanglement reasons for every non-moved contract-shaped file.	T-26	E-0364
010f75423acc454080b2a40fde5453ddaa60b6e6	2026-07-03T16:31:20+02:00	docs/search/BEAUTYQ_SEARCH_CONTRACT_MODULE_SPLIT_PLAN.md	deep	RJ — Deep-read: Phase 8b adds the search-core note (an existing generic module predating the split, so beautyq-search-contract may depend on it) and splits the document contract into a new differently-named BeautyQVariantSearchDocumentContract object while the old Schema becomes the delegating compatibility surface under the one-object naming rule.	T-26,T-27	E-0365
0a91a526ab7ca36a4953420d70eb4a6973fddb27	2026-07-03T16:57:05+02:00	docs/search/BEAUTYQ_SEARCH_CONTRACT_MODULE_SPLIT_PLAN.md	deep	RJ — Deep-read: Phase 9a is a Qdrant/hybrid consumer-migration-only record (no files moved); BeautyQVariantSearchDocumentSchema is explicitly retained as the materialization/projection compatibility surface for consumers that still go through it.	T-27	E-0366
be7fa826d77c7162d060b9a5e98ddb3e82224e34	2026-07-03T17:31:21+02:00	docs/search/BEAUTYQ_SEARCH_CONTRACT_MODULE_SPLIT_PLAN.md	deep	RJ — Deep-read: Phase 9b migrates the remaining Qdrant managed-local/runtime/startup consumers to the contract object, records via a source-truth check that the ES interpreter and response assembler were already contract-backed since Phase 8b, and keeps the materialization surface on the compatibility object intentionally.	T-27	E-0367
14c1fad50f0b4d50dbc64b934aef8736a3b7ba8a	2026-07-03T18:15:45+02:00	docs/search/BEAUTYQ_SEARCH_CONTRACT_MODULE_SPLIT_PLAN.md	deep	RJ — Deep-read: Phase 10a moves BeautySearchServingGate into beautyq-search-wiring while route/plugin/launcher/client/bootstrap/seed surfaces all stay in bifunctor-tagless pending deeper dedicated slices.	T-26	E-0368
e9878997f6b475972b98214abf0b7fee9bc9a445	2026-07-03T18:46:23+02:00	docs/search/BEAUTYQ_SEARCH_CONTRACT_MODULE_SPLIT_PLAN.md	deep	RJ — Deep-read: Phase 8c adds BeautyQSearchDomainContract as a thin eq-reference aggregate of the existing slices with evaluationDeclared and fullSearchDomainSpecDeclared false by construction and asserted, not comment-only; the same commit revises the plan's own Phase 8 roadmap line from fill full SearchDomainSpec to fill contract slices and eventually the full spec.	T-26	E-0369
0d3f7c1af7a6876cd7361079dcdbb37df65ae070	2026-07-03T19:39:15+02:00	docs/search/BEAUTYQ_SEARCH_CONTRACT_MODULE_SPLIT_PLAN.md	deep	RJ — Deep-read: Phase 10b splits the pure Qdrant-supplement activation/preflight policy into beautyq-search-wiring while route ModuleDef selection stays in bifunctor-tagless behind a new selector; plugin/route/HTTP/client/bootstrap surfaces stay.	T-06	E-0370
a1f8945b7218bcfa5c1560f140526953896add7d	2026-07-03T20:22:54+02:00	docs/search/BEAUTYQ_SEARCH_CONTRACT_MODULE_SPLIT_PLAN.md	deep	RJ — Deep-read: Phase 8d moves the static/offline M8/M9/M10 evaluation contracts into beautyq-search-contract and expresses evaluation through the generic search-contract-core EvalSection for the first time; evaluationDeclared flips false to true while fullSearchDomainSpecDeclared stays false because the other sections remain search-core-shaped.	T-06,T-39	E-0371
335012628c5acc51c84587d8768cb69b94fb706c	2026-07-03T21:16:20+02:00	docs/search/BEAUTYQ_SEARCH_CONTRACT_MODULE_SPLIT_PLAN.md	deep	RJ — Deep-read: Phase 7b continues the ladder out of phase order after the Phase 10 records; the projection engine moves into beautyq-search-materialization and BeautyQVariantSearchDocumentSchema is explicitly reduced to a thin compatibility facade, with seed-coupled snapshot types intentionally staying in bifunctor-tagless.	T-27	E-0372
e8f00a61ad5cdcbec0308c688996b573d5bdde5d	2026-07-03T23:07:06+02:00	docs/search/BEAUTYQ_SEARCH_CONTRACT_MODULE_SPLIT_PLAN.md	deep	RJ — Deep-read: Phase 7c moves the full-catalog and seed-scoped snapshot loaders into materialization behind new seed-free types; the legacy BeautySearch snapshot/loader stay as delegating compatibility facades and materialization still has no seed dependency.	T-27	E-0373
249216a1eeb742cd48d6fbdd182372920facc362	2026-07-03T23:32:27+02:00	docs/search/BEAUTYQ_SEARCH_CONTRACT_MODULE_SPLIT_PLAN.md	deep	RJ — Deep-read: Phase 7d consolidates both snapshot conversions into the companion-owned from/toMaterializationSnapshot pair, removing a duplicate private helper and closing the materialization-owned snapshot/projection loop; fullSearchDomainSpecDeclared stays false.	T-27	E-0374
e45de92d22e435b14da61f9deaab40b31fb0cf83	2026-07-03T23:51:28+02:00	docs/search/BEAUTYQ_SEARCH_CONTRACT_MODULE_SPLIT_PLAN.md	deep	RJ — Deep-read: Phase 8e replaces the comment-only not-a-full-SearchDomainSpec claim with a BeautyQSearchDomainSpecReadiness data record of five pending decisions, and fullSearchDomainSpecDeclared now delegates to non-empty blockers instead of a bare literal.	T-06	E-0375
5cb5ad544f12343f23d8f6dab101f161997c45b8	2026-07-04T01:08:01+02:00	docs/search/BEAUTYQ_SEARCH_CONTRACT_MODULE_SPLIT_PLAN.md	deep	RJ — Deep-read: Phase 8f resolves the document-result-unit blocker by declaring BeautyQSearchResultUnitContract (variant result unit with documentIndexName beautyq_variant_v1 and carouselLimitName variantSize); four blockers remain.	T-05,T-06	E-0376
3de7167a63c412d5bce9a8e92576bab0022654ba	2026-07-04T17:18:44+02:00	docs/search/BEAUTYQ_SEARCH_CONTRACT_MODULE_SPLIT_PLAN.md	deep	RJ — Deep-read: Phase 8g resolves the intent-languages blocker declaring supported languages de/en/ru in eval-report order while mixed_language stays eval metadata and not a declared SearchLanguage; three blockers remain.	T-06	E-0377
82cd28d613f201e2aad450071011d12cf7b47bfa	2026-07-04T17:58:46+02:00	docs/search/BEAUTYQ_SEARCH_CONTRACT_MODULE_SPLIT_PLAN.md	deep	RJ — Deep-read: Phase 8h resolves the document-field-kind-mapping blocker mapping documentSpec fields to generic SearchField kinds, with Text-not-SemanticText justified by BeautySearchSpecV1 declaring no embedding spec; runtime-capabilities and response-policy blockers remain.	T-04,T-06,T-26	E-0378,E-0379
c17b43f0ca4ec1eb249c01ee3472a3b6f0d52b36	2026-07-04T18:16:14+02:00	docs/search/BEAUTYQ_SEARCH_CONTRACT_MODULE_SPLIT_PLAN.md	deep	RJ — Deep-read: Phase 8i declares runtime/response contract sections, resolving two readiness blockers but adding a new intent-section-mapping blocker and recording the generic-grouping-None decision for BeautyQ's two component-specific carousels.	T-06	E-0380
5ea6538f581a858f81af944aba2a48ab3f0fe7f4	2026-07-04T18:51:48+02:00	docs/search/BEAUTYQ_SEARCH_CONTRACT_MODULE_SPLIT_PLAN.md	deep	RJ — Deep-read: Phase 8j closes the contract thread — full generic SearchDomainSpec assembled, pendingDecisions Nil, flag true, label retraction, with constraints/softBoosts/requires/excludes intentionally dropped by the generic ADT and aliases kept out of synonyms.	T-06	E-0381
3c7a5e4e4d4e333814c3ee82ee346863efd5aad0	2026-07-04T19:13:56+02:00	docs/SEARCH_SUPPLEMENT_ARCHITECTURE.md;docs/beautyq-search-dsl-v1.md;docs/search/BEAUTYQ_SEARCH_CONTRACT_MODULE_SPLIT_PLAN.md	deep	RJ — Deep-read: Phase 9c retroactively inserted test/docs consumer-cleanup record; SEARCH_SUPPLEMENT_ARCHITECTURE and the DSL doc re-point document-spec ownership to BeautyQVariantSearchDocumentContract and demote the Schema to compatibility facade, not owner; facade deletion newly forbidden until a zero-usage audit.	T-06,T-27	E-0382,E-0383
cb7485aec2b86c2f0229b2de93c71891f71e24d8	2026-07-04T19:31:46+02:00	docs/search/BEAUTYQ_SEARCH_CONTRACT_MODULE_SPLIT_PLAN.md	deep	RJ — Deep-read: Phase 10c extracts the pure activation-to-route-selection ADT/policy into wiring, leaving bifunctor-tagless as the RouteSelection->ModuleDef interpreter.	T-26	E-0384
0766a979635193c6bead7f13b7939bf5b4d984c9	2026-07-04T19:50:40+02:00	docs/search/BEAUTYQ_SEARCH_CONTRACT_MODULE_SPLIT_PLAN.md	deep	RJ — Deep-read: Phase 10d applies the contract/interpreter analogy to Distage wiring with pure runtime-binding/launcher plans in wiring and ModuleDef interpreters staying in the monolith.	T-26	E-0385
cc31add3819c798222c16591046f5f105001a64f	2026-07-04T20:14:04+02:00	docs/search/BEAUTYQ_SEARCH_CONTRACT_MODULE_SPLIT_PLAN.md	deep	RJ — Deep-read: Phase 11a retires the schema's contract-shaped forwarders after migrating 30 test files, and restates the deletion-forbidden-until-zero-usage rule narrowed to the remaining project/projection members.	T-27	E-0386
01f8551abac3c8dddc9dfad229ffca32965c39d9	2026-07-04T20:31:38+02:00	docs/SEARCH_SUPPLEMENT_ARCHITECTURE.md;docs/beautyq-search-dsl-v1.md;docs/search/BEAUTYQ_SEARCH_CONTRACT_MODULE_SPLIT_PLAN.md	deep	RJ — Deep-read: Phase 11b deletes the schema facade; the DSL doc section is retitled Schema-owned to Materialization-owned document projection and supplement-architecture names the materialization engine as projection owner; the retirement matrix is designated the legacy-replacement owner.	T-27	E-0387
4975437c1e4c07f3c2421d53981200e2b22cb054	2026-07-04T21:27:36+02:00	docs/search/BEAUTYQ_SEARCH_CONTRACT_MODULE_SPLIT_PLAN.md	deep	RJ — Deep-read: Phase 12c migrates 22 test files to materialization APIs, deletes VariantSearchDocumentBuilder at zero usage, and records an out-of-order phase label (12c with no 12a/12b).	T-27	E-0388
d1cdb10953ded569a6f19f031595e994352e8e9c	2026-07-04T21:51:28+02:00	docs/beautyq-search-dsl-v1.md;docs/search/BEAUTYQ_SEARCH_CONTRACT_MODULE_SPLIT_PLAN.md	deep	RJ — Deep-read: Phase 13 deletes the legacy snapshot/loader/builder APIs; the DSL doc flips owner names from BeautySearch* to BeautyQSearch* and now links the plan's retirement matrix as its legacy-replacement authority.	T-27	E-0389
b4913ee5f5b08d6fd129234c1e1f3b798e4bf377	2026-07-04T22:29:15+02:00	docs/beautyq-search-dsl-v1.md;docs/search/BEAUTYQ_SEARCH_CONTRACT_MODULE_SPLIT_PLAN.md	deep	RJ — Deep-read: Phase 14c moves the runtime model/parser/in-memory/response/readiness layer into wiring and rewrites the DSL ownership table row for new route/response behavior.	T-26	E-0390
2072c3ae84f19fcba65f4064a108eda3da1f67bd	2026-07-05T00:19:57+02:00	docs/beautyq-search-dsl-v1.md;docs/search/BEAUTYQ_SEARCH_CONTRACT_MODULE_SPLIT_PLAN.md	deep	RJ — Deep-read: Phase 15c moves 43 concrete backend/hybrid/routing files to wiring but pins an 11-file eval-coupled Qdrant production-candidate cluster in bifunctor-tagless to avoid a real module cycle; the ownership table drops eval/benchmark from the monolith row.	T-26	E-0391
7370f31ea7b5232dd1572952f4cea26ba7bc6e19	2026-07-05T01:08:25+02:00	docs/beautyq-search-dsl-v1.md;docs/search/BEAUTYQ_SEARCH_CONTRACT_MODULE_SPLIT_PLAN.md	deep	RJ — Deep-read: Phase 16 splits pure quality policy from the EngineEval-coupled gate adapter, unblocking and moving the Phase 15c cluster; the ownership table keeps only the thin eval-shell adapter in the monolith.	T-26	E-0392
1a6ef041ff76b95032fa0d37d42ef467913f9a9c	2026-07-05T10:12:44+02:00	docs/beautyq-search-dsl-v1.md;docs/search/BEAUTYQ_SEARCH_CONTRACT_MODULE_SPLIT_PLAN.md	deep	RJ — Deep-read: Phase 17 moves the pure eval/benchmark model/report layer to wiring and splits the file-IO loader into its own shell object.	T-26	E-0393
9d9a2a9e7d4fbc85ac0fa337625d65fb2cc5d9a0	2026-07-05T10:46:54+02:00	docs/beautyq-search-dsl-v1.md;docs/search/BEAUTYQ_SEARCH_CONTRACT_MODULE_SPLIT_PLAN.md	deep	RJ — Deep-read: Phase 18 moves all 45 M8-M21 eval design/scaffold files and the quality-gate adapter into wiring; the monolith is now route/plugin/config/client/loader shell only.	T-26	E-0394
d0f30e5edd0b6c8d1f8e4cb8f3b2c6c6bd1ddf16	2026-07-05T11:28:53+02:00	docs/beautyq-search-dsl-v1.md;docs/search/BEAUTYQ_SEARCH_CONTRACT_MODULE_SPLIT_PLAN.md	deep	RJ — Deep-read: Phase 19c moves the request contract into wiring behind a new validation object extracted from the API shell, sends pure port-config DTOs to leaderboard-core and embedding config/decoder to search-qdrant, and pins the named shell residues.	T-26	E-0395
62fafa7ff1d3691fb8ea859deb8efef26be5def0	2026-07-05T12:07:29+02:00	docs/beautyq-search-dsl-v1.md;docs/search/BEAUTYQ_SEARCH_CONTRACT_MODULE_SPLIT_PLAN.md	deep	RJ — Deep-read: Phase 20 extracts the pure managed-local bootstrap plan/fingerprint layer to wiring with the old object kept as a delegating compatibility surface.	T-26	E-0396
2b7d1b23d9a8e433b5ad0612369736638e42ec4a	2026-07-05T15:54:51+02:00	docs/beautyq-search-dsl-v1.md;docs/search/BEAUTYQ_SEARCH_CONTRACT_MODULE_SPLIT_PLAN.md	deep	RJ — Deep-read: Phase 21 collapses bifunctor-tagless' direct build dependencies to the single beautyqSearchWiring boundary and adds the DSL-doc note defining the monolith as the app/shell module over that boundary.	T-26	E-0397
832cf2ea9e95cfbf2ecbadd5131f3dc1318d9207	2026-07-05T17:51:57+02:00	docs/beautyq-search-dsl-v1.md;docs/search/BEAUTYQ_SEARCH_CONTRACT_MODULE_SPLIT_PLAN.md	deep	RJ — Deep-read: Phase 22 creates the app-http module for the HTTP/Tapir shell but leaves ProfileApi behind for a forbidden app-http->bifunctor cycle; the DSL note narrates successive phases inline.	T-26	E-0398
bee9f36b187840e23007c30cf3b8c9a32b268d02	2026-07-05T19:10:00+02:00	docs/beautyq-search-dsl-v1.md;docs/search/BEAUTYQ_SEARCH_CONTRACT_MODULE_SPLIT_PLAN.md	deep	RJ — Deep-read: Phase 23 closes the Phase 22 ProfileApi deviation by extracting app-services for Ranks; the DSL note replaces the superseded phase-22 wording rather than appending.	T-26	E-0399
88e418f0b73692f17c52474a502c47040a03036d	2026-07-05T21:22:11+02:00	docs/beautyq-search-dsl-v1.md;docs/search/BEAUTYQ_SEARCH_CONTRACT_MODULE_SPLIT_PLAN.md	deep	RJ — Deep-read: Phase 24 centralizes the canonical Qdrant source-text field order into a contract object with an exact-duplication-only inclusion rule for the nine test adopters, and the plan claims a new coordinator-onboarding doc whose committed content is absent — the phase text and the DSL pointer were its only committed presence.	T-28	E-0400,E-0512
488cdacacf2c92fd81a4e9bf3fa3a727b1fb2aeb	2026-07-05T23:45:07+02:00	docs/beautyq-search-dsl-v1.md;docs/search/BEAUTYQ_SEARCH_CONTRACT_MODULE_SPLIT_PLAN.md	deep	RJ — Deep-read: Phase 25 centralizes managed-local model/dimension/distance/backend-id constants into the runtime contract; the same commit rewrites the Phase 24 heading, deletes its onboarding-doc paragraph and replaces the pointer with a durable Coordinator checkpoint section.	T-28	E-0401
5e2ca37676ad1237de5ec8788f7f948c87805041	2026-07-06T00:47:20+02:00	docs/beautyq-search-dsl-v1.md;docs/search/BEAUTYQ_SEARCH_CONTRACT_MODULE_SPLIT_PLAN.md	deep	RJ — Deep-read: Phase 26 centralizes 22 shared eval production-posture metric names with a local-remains rule for module-specific metrics; the record ends with the Sonnet-patch/Fable-5-countdown agent-workflow provenance statement.	T-28	E-0402
b6bd571905ffe7c2667d3c1e6648f92ecf970428	2026-07-06T15:32:27+02:00	docs/beautyq-search-dsl-v1.md;docs/search/BEAUTYQ_SEARCH_CONTRACT_MODULE_SPLIT_PLAN.md	deep	RJ — Deep-read: Phase 27 completes the shared-name adoption sweep over eight residual M9-M21 surfaces, distinguishing blocker-code lists from metrics builders and reporting one remaining literal as known, not missed.	T-28	E-0403
e1e0e9966634c2cfed4d580d6e0f8c997eb648ca	2026-07-07T11:28:58+02:00	docs/beautyq-search-dsl-v1.md;docs/search/BEAUTYQ_SEARCH_CONTRACT_MODULE_SPLIT_PLAN.md	deep	RJ — Deep-read: Phase 28 centralizes response-provenance JSON names and route-diagnostic categories as a name-only contract explicitly outside the SearchDomainSpec, with deliberate non-adoption exclusions such as the tautology-pin and raw-JSON snapshot.	T-25,T-28	E-0404
c8481ca10209f273066f2b3da5e49b5351a394ea	2026-07-07T13:00:26+02:00	README.md;docs/beautyq-search-dsl-v1.md;docs/search/BEAUTYQ_SEARCH_CONTRACT_MODULE_SPLIT_PLAN.md	deep	RJ — Deep-read: Phase 29 is the docs-only reconciliation closeout: the plan Status becomes a current-ownership section (the cumulative ledger replaced), bifunctor-tagless is labeled a temporary legacy-named shell whose rename is out-of-band, the README module map is rewritten to the 14-module reality, and Phase 8c's false flags get an appended clarification note under an explicit preserve-history-as-dated-snapshots policy.	T-06,T-44	E-0405
8668439707581783e4f4ce5500bf295889303ad7	2026-07-07T13:49:42+02:00	docs/beautyq-search-dsl-v1.md;docs/search/BEAUTYQ_SEARCH_CONTRACT_MODULE_SPLIT_PLAN.md	deep	RJ — Deep-read: Phase 30 adds static boundary guardrails and a normative How to add new BeautyQ search code routing section in the DSL doc, including the rule that SearchDomainSpec must not contain repositories, clients, HTTP, runtime services or activation logic.	T-26	E-0406
c702c56c0784c00d4c3eef1e82f2f01b06340028	2026-07-07T14:07:16+02:00	docs/beautyq-search-dsl-v1.md;docs/search/BEAUTYQ_SEARCH_CONTRACT_MODULE_SPLIT_PLAN.md	deep	RJ — Deep-read: Phase 31 aligns closeout wording — the full SearchDomainSpec is declared assembled with empty pending decisions, the catalog-only anti-claim is retained, and historical records are explicitly kept as dated snapshots rather than rewritten.	T-06	E-0407
ea8f76c9523b330994a18d6e7366e5ab6e5230c8	2026-07-07T14:14:27+02:00	docs/search/BEAUTYQ_SEARCH_CONTRACT_MODULE_SPLIT_PLAN.md	clerical	RJ — T011-corrected: documentation portion inspected — mechanical precision fix of the Phase 29 self-description from docs-only reconciliation to a closeout sequence including guardrails, comment alignment and focused tests; no analytical content added. No new phase-record text exists in this commit: the Phase 32 record lands in 1b85e486 (E-0409) and 'Phase 32' is the commit-subject label (T012 CM-provenance item).		E-0408
1b85e486b751b903994e3521cef99e9b4ca36d34	2026-07-07T14:40:34+02:00	docs/BEAUTYQ_CURRENT_STATE_AND_HANDOFF.md;docs/README.md;docs/beautyq-search-dsl-v1.md;docs/search/BEAUTYQ_SEARCH_CONTRACT_MODULE_SPLIT_PLAN.md	deep	RJ — Deep-read: Phase 32's record plus re-pointing of the handoff and docs/README entry lists (the plan now described by closeout status/phase history/guardrails instead of target split) and the DSL doc dropping current/legacy from its own descriptor — the onboarding layer adopts the split's finished status.	T-04,T-26,T-44	E-0409
e48b9d8fc54af4a1dcbbbeedf39eb2968c2395cf	2026-07-07T15:13:33+02:00	docs/search/BEAUTYQ_SEARCH_CONTRACT_MODULE_SPLIT_PLAN.md	deep	RJ — Deep-read: Phase 33 reverses Phase 19c's leaderboard-core port-config ownership, moving ES/Qdrant port DTOs to the shell config package with consumer-based ownership as the stated rule.	T-26,T-28	E-0410
5b4a922da6e89fd6a7b0dbef764a9313e7e17b30	2026-07-07T17:12:46+02:00	docs/search/BEAUTYQ_SEARCH_CONTRACT_MODULE_SPLIT_PLAN.md	deep	RJ — Deep-read: the post-closeout guardrail-buildout phase series begins (Phases 34-44, E-0411): per-module self-scanning import/build-DAG boundary tests plus domain-neutralization of generic-core comments.	T-26	E-0411
ef1f591b959f78da35f58ded46a7f32db29a4938	2026-07-07T19:23:08+02:00	docs/search/BEAUTYQ_SEARCH_CONTRACT_MODULE_SPLIT_PLAN.md	semantic-scan	RJ — Same guardrail family: Phase 35 hardening of the beautyq-search-contract import guardrail; no new boundary direction.	T-26	E-0411
e88e9438283485c2a4d0743e371e306720ed0d1f	2026-07-07T19:49:50+02:00	docs/search/BEAUTYQ_SEARCH_CONTRACT_MODULE_SPLIT_PLAN.md	semantic-scan	RJ — Same guardrail family: Phase 36 repo-core self-guardrail with domain/storage-neutral comment rewrites (SQL-specific wording generalized).	T-26	E-0411
d8f3058be5ba49cca6986d454b8899a1d2761f6e	2026-07-07T20:00:05+02:00	docs/search/BEAUTYQ_SEARCH_CONTRACT_MODULE_SPLIT_PLAN.md	semantic-scan	RJ — Same guardrail family: Phase 37 beautyq-model self-guardrail.	T-26	E-0411
5b296c2f527c3876eb96bb857cd5798c6c9b8a14	2026-07-07T20:10:15+02:00	docs/search/BEAUTYQ_SEARCH_CONTRACT_MODULE_SPLIT_PLAN.md	semantic-scan	RJ — Same guardrail family: Phase 38 beautyq-search-repositories guardrail.	T-26	E-0411
3e4842af78c6c5819b3333570d6165f96274781b	2026-07-07T20:17:35+02:00	docs/search/BEAUTYQ_SEARCH_CONTRACT_MODULE_SPLIT_PLAN.md	semantic-scan	RJ — Same guardrail family: Phase 39 materialization guardrail.	T-26	E-0411
cc769ad42b2a6147e8f6f6337c88d0cda579a0d1	2026-07-08T00:00:00+02:00	docs/search/BEAUTYQ_SEARCH_CONTRACT_MODULE_SPLIT_PLAN.md	deep	RJ — Deep-read: Phase 40 hardens the generic ES/Qdrant backend guardrail against BeautyQ knowledge, the executable codification of the E-0351 generic-must-not-know-BeautyQ boundary.	T-26	E-0412
d1e52d2a2acf9f6604b95c7922021d7c1eaee649	2026-07-08T00:11:06+02:00	docs/search/BEAUTYQ_SEARCH_CONTRACT_MODULE_SPLIT_PLAN.md	semantic-scan	RJ — Same guardrail family: Phase 41 wiring guardrail with named package-preserved pure exceptions.	T-26	E-0411
a6522a115837469ead75ef55e4e9fc5597a7006c	2026-07-08T00:17:11+02:00	docs/search/BEAUTYQ_SEARCH_CONTRACT_MODULE_SPLIT_PLAN.md	semantic-scan	RJ — Same guardrail family: Phase 42 app-services guardrail.	T-26	E-0411
21d7cfeecc4c487645b2a068fd8f5b585a8f6932	2026-07-08T00:33:29+02:00	docs/search/BEAUTYQ_SEARCH_CONTRACT_MODULE_SPLIT_PLAN.md	semantic-scan	RJ — Same guardrail family: Phase 43 app-http guardrail hardening with named allowed exceptions.	T-26	E-0411
243afc77f65874adae05644371c24493ee4559c3	2026-07-08T00:44:07+02:00	docs/search/BEAUTYQ_SEARCH_CONTRACT_MODULE_SPLIT_PLAN.md	semantic-scan	RJ — Same guardrail family: Phase 44 search-core guardrail plus a stale comment correction.	T-26	E-0411
3d74fbc2876d52779371518268172cd2f3678ead	2026-07-08T01:41:56+02:00	README.md;docs/BEAUTYQ_QDRANT_SUPPLEMENT_LOCAL_GATE.md;docs/DISTAGE_HTTP_TESTING.md;docs/SEARCH_DOMAIN_ONBOARDING.md;docs/beautyq-search-dsl-v1.md;docs/local/COORDINATOR_WORKFLOW_AND_PROMPTING.md;docs/search/BEAUTYQ_SEARCH_CONTRACT_MODULE_SPLIT_PLAN.md	deep	RJ — Deep-read: Phase 45 — the out-of-band app-shell rename bifunctor-tagless -> leaderboard-app-shell lands in seven docs; the Phase 29-33 temporary-legacy-named/out-of-band wording is corrected to done, while phase records 2-44 are intentionally left naming the old module as dated snapshots.	T-26	E-0413
33f3c3190ebbee2e2ff7956ba1d206213c102ec8	2026-07-08T16:20:14+02:00	README.md;docs/BEAUTYQ_CURRENT_STATE_AND_HANDOFF.md;docs/README.md;docs/beautyq-search-dsl-v1.md;docs/search/BEAUTYQ_SEARCH_CONTRACT_MODULE_SPLIT_PLAN.md;docs/search/CATALOG_DECLARATION_DERIVATION_ROADMAP.md	deep	RJ — Deep-read: ownership succession — the canonical BEAUTYQ_CURRENT_STATE_AND_HANDOFF.md is deleted with durable facts folded into the top-level README (coordinator focus, route truth, eval guardrails) and counts deferred to checked-in resources; the 2-day-old SPLIT_PLAN is declared closed out and a new CATALOG_DECLARATION_DERIVATION_ROADMAP.md becomes the start-here owner with the plan kept minimal by pointer.	T-04,T-29	E-0414,E-0415
9a051202ed282ce492201c808de92e3aa502329f	2026-07-08T17:21:07+02:00	docs/search/CATALOG_DECLARATION_DERIVATION_ROADMAP.md	deep	RJ — Deep-read: roadmap Phase B.1/B.2 — signature-based repo adapter derivation, the transparent-UUID alias ambiguity policy (stay explicit, never fall back to method names) and the future-domain nominal-ID recommendation.	T-29	E-0416
429b50ec83a6d128a5634513a2503a41cf0476cd	2026-07-08T17:47:15+02:00	docs/search/CATALOG_DECLARATION_DERIVATION_ROADMAP.md	deep	RJ — Deep-read: Phase C.1 partial derivation with an empirical Scala implicit-search limitation recorded as the reason five of six entity givens must remain explicit.	T-29	E-0417
b76f740b6ff4718426722f0fc1ce19d88f81428f	2026-07-08T18:12:24+02:00	docs/search/CATALOG_DECLARATION_DERIVATION_ROADMAP.md	deep	RJ — Deep-read: Phase C.2 design-spike status — Candidate A positively proved, Candidate B left open, production C.3 deferred to a named coordinator architecture decision.	T-29	E-0418
4c14764123b39e4ee3ccd35be56d2a111bbc1465	2026-07-08T18:27:23+02:00	docs/search/CATALOG_DECLARATION_DERIVATION_ROADMAP.md	deep	RJ — Deep-read: Phase C.2b fairly retests Candidate B with a real macro and rejects parameterized evidence alone, redirecting C.3 to key-carrying specs.	T-29	E-0419
6f36bb5ac4241e868b98bf5b114f276cf18b064b	2026-07-08T19:00:04+02:00	docs/search/CATALOG_DECLARATION_DERIVATION_ROADMAP.md	deep	RJ — Deep-read: Phase C3 production change with an explicitly recorded empirical deviation (free-K defaults to Any; ConventionalIdKey match type replaces the suggested using-clause shape).	T-29	E-0420
c53a628aff6ea6e4524819f53a648d2332db1763	2026-07-08T19:49:14+02:00	docs/search/CATALOG_DECLARATION_DERIVATION_ROADMAP.md	semantic-scan	RJ — Phase D1 status line replacing the not-started sentence; same derivation direction as B/C phases, ambiguity carve-out restated.	T-29	E-0421
eb1a6827955e5d0d7d187c615fbae6d7e6a0e577	2026-07-08T20:01:54+02:00	docs/search/CATALOG_DECLARATION_DERIVATION_ROADMAP.md	semantic-scan	RJ — Phase E1 status: Graph factory wrapper removed; Relations facade kept until source confirmation.	T-29	E-0421
9b432b16f1f6098b761528676036f8a15f0ea5ba	2026-07-08T20:17:25+02:00	docs/search/CATALOG_DECLARATION_DERIVATION_ROADMAP.md	semantic-scan	RJ — Phase E2 status: Relations named facade removed; Phase F kept future.	T-29	E-0421
ffad4b0dc276021d4961d3b173469432b6d22e2f	2026-07-08T21:14:27+02:00	docs/search/CATALOG_DECLARATION_DERIVATION_ROADMAP.md	deep	RJ — Deep-read: Phase F1 introduces LoadedCatalog/loadAll generic traversal with a long variance/reverse-tuple/tail-first-recursion mechanics rationale recorded in the roadmap.	T-29	E-0422
1fd478e052cd8414566f8c391888eaeb695e8a8c	2026-07-08T22:04:46+02:00	docs/search/CATALOG_DECLARATION_DERIVATION_ROADMAP.md	deep	RJ — Deep-read: Phase F2 toSnapshot assembly derivation with inline-given/free-K compiler-constraint deviation records.	T-29	E-0423
63978798566f66dc287ea777af2f696dbde4f1c0	2026-07-09T00:05:56+02:00	README.md;docs/README.md;docs/search/CATALOG_DECLARATION_DERIVATION_HANDOFF.md;docs/search/CATALOG_DECLARATION_DERIVATION_ROADMAP.md	deep	RJ — Deep-read: one day after its creation the ROADMAP is reclassified as the historical A-F phase log by a new CATALOG_DECLARATION_DERIVATION_HANDOFF.md declared the current coordinator starting point; explicit read-this-first source-of-truth ordering plus the DONE/PATCH_READY/KEEP_EXPLICIT/BLOCKED status vocabulary.	T-04,T-29,T-44	E-0424
64232baa61ff49a36a2bc45f399a6b0128347f9d	2026-07-09T00:29:21+02:00	docs/search/CATALOG_DECLARATION_DERIVATION_HANDOFF.md;docs/search/CATALOG_DECLARATION_DERIVATION_ROADMAP.md	semantic-scan	RJ — Handoff D2A completion update: status vocabulary extension (DONE_* kept visible for history), recommended-next-patch re-pointing, implementation scope written above the preserved original scope.	T-29	E-0425
cfdc4285f26146bd527256e008ae9758d661dc05	2026-07-09T01:11:51+02:00	docs/search/CATALOG_DECLARATION_DERIVATION_HANDOFF.md;docs/search/CATALOG_DECLARATION_DERIVATION_ROADMAP.md	deep	RJ — Deep-read: Seed F1 status flips the handoff's earlier fully-explicit seed claim into exact-semantics-with-derived-helpers and records an empirical free-K macro-limitation deviation.	T-29	E-0426
7f396ef7e40fc99fd41bc387b8aedebfe07cb981	2026-07-09T01:28:24+02:00	docs/search/CATALOG_DECLARATION_DERIVATION_HANDOFF.md	deep	RJ — Deep-read: wrapper cleanup plus an in-document self-correction — a claim written in the same session (that the seed loader still called a wrapper) is rewritten after a later zero-usage check, the correction embedded in the note it corrects.	T-29	E-0427
0e294a2a91555aab4f05ea93d0a0b9440722dd87	2026-07-09T01:41:24+02:00	docs/search/CATALOG_DECLARATION_DERIVATION_HANDOFF.md	semantic-scan	RJ — Seed root-key cleanup completion; the recommendation reframes the remaining blocker as the transparent-UUID decision.	T-29	E-0428
d6b1b5c1f54ae1946abe198c36cd4e5e8db5b223	2026-07-09T13:04:14+02:00	docs/search/BEAUTYQ_NOMINAL_ID_REFACTOR.md;docs/search/CATALOG_DECLARATION_DERIVATION_HANDOFF.md;docs/search/CATALOG_DECLARATION_DERIVATION_ROADMAP.md	deep	RJ — Deep-read: the BLOCKED_TRANSPARENT_UUID_AMBIGUITY blocker is resolved by a new BEAUTYQ_NOMINAL_ID_REFACTOR.md owner documenting opaque UUID-backed ids, four generic-adapter layer designs and empirically found compiler gotchas, closing the last hand-wiring; the handoff sequence is edited to insert and complete item 5.	T-29	E-0429
26e52ea97297798a5f78e5628d30b35dac7e4d03	2026-07-09T13:22:05+02:00	docs/search/CATALOG_DECLARATION_DERIVATION_HANDOFF.md	semantic-scan	RJ — Seed F2 completion: seed snapshot assembly via generic no-dedup toRawSnapshot with a why-not-toSnapshot pointer.	T-29	E-0430
fdd48ffb809b9ea73c85a57e3dd3eb2ea68d4c83	2026-07-09T14:33:07+02:00	docs/search/BEAUTYQ_NOMINAL_ID_REFACTOR.md;docs/search/CATALOG_DECLARATION_DERIVATION_HANDOFF.md	deep	RJ — Deep-read: Nodes/projection boundary cleanup closes the last KEEP_EXPLICIT inventory item; the handoff declares no remaining catalog-side cleanup; the nominal-ID doc is retro-corrected to note Nodes was removed by a later separate patch it had originally deferred.	T-29	E-0431
965325bd29229a9bac7d402f27ac96d20e71fe9b	2026-07-09T15:50:15+02:00	docs/README.md;docs/SEARCH_DOMAIN_ONBOARDING.md;docs/search/BEAUTYQ_NOMINAL_ID_REFACTOR.md;docs/search/BEAUTYQ_SEARCH_CONTRACT_MODULE_SPLIT_PLAN.md;docs/search/CATALOG_DECLARATION_DERIVATION_HANDOFF.md;docs/search/NEW_DOMAIN_ONBOARDING.md	deep	RJ — Deep-read: new NEW_DOMAIN_ONBOARDING owner replaces the deleted SEARCH_DOMAIN_ONBOARDING with an explicit generic-reuse vs business-policy split; D2B derives value-source metadata and moves UuidBackedId to leaderboard-core; the handoff/nominal-ID docs receive later-patch update notes rewriting their own just-written placement claims.	T-23,T-29	E-0432
544b749c275960ac6b0b4217577f4473f2cb57ec	2026-07-09T16:05:30+02:00	README.md;docs/README.md;docs/search/BEAUTYQ_SEARCH_CONTRACT_MODULE_SPLIT_PLAN.md;docs/search/CATALOG_DECLARATION_DERIVATION_HANDOFF.md;docs/search/CATALOG_DECLARATION_DERIVATION_ROADMAP.md	deep	RJ — Deep-read: the 31-hour-old derivation ROADMAP is deleted and folded into the handoff as a Historical A-F summary; the handoff gains a Q&A closeout header and sole-owner claim; README declares no derivation blocker remains; the split plan's Phase 46 record is retro-amended to say its roadmap was later deleted.	T-44	E-0433
adc323dfe93e90ee4e7df20ddc71f365810daed4	2026-07-09T16:41:05+02:00	docs/beautyq-search-dsl-v1.md;docs/search/CATALOG_DECLARATION_DERIVATION_HANDOFF.md;docs/search/NEW_DOMAIN_ONBOARDING.md	deep	RJ — Deep-read: generic snapshot-row projection helpers move to repo-core while three docs state the explicit-non-derivation boundary; the handoff recommendation drops the projection-extraction option as now done.	T-29	E-0434
0af4c8a92834162b45b465061e590d1b02ec30a8	2026-07-09T18:26:13+02:00	docs/beautyq-search-dsl-v1.md	semantic-scan	RJ — Diff read: stale current-doc references to BeautyQRepoGraph and its retirement-matrix pointer are replaced by the declaration/materialization wording, keeping the DSL doc's current-state accuracy.	T-27	E-0435
50c7e1e7451b67ee776b1f46f4b80e42af71927d	2026-07-09T19:22:23+02:00	docs/search/CATALOG_DECLARATION_DERIVATION_HANDOFF.md	clerical	RJ — Mechanical location fix in the handoff's boilerplate note: UuidBackedId originally in beautyq-model, now leaderboard-core per the already-documented D2B move.	T-29	E-0432
f6f60dd31edb9afc48e236eb398b244b56a504bf	2026-07-09T19:46:14+02:00	docs/BEAUTYQ_QDRANT_SUPPLEMENT_LOCAL_GATE.md	semantic-scan	RJ — Diff read: M3 benchmark run command added plus two live-endpoint env overrides and a comparison output-marker block, extending the no-file-write capture contract.	T-08	E-0436
157469e603cb3c120978e12b65995c22c81f4b22	2026-07-09T20:08:34+02:00	AGENTS.md;README.md;docs/README.md;docs/beautyq-search-dsl-v1.md;docs/search/BEAUTYQ_SEARCH_CONTRACT_MODULE_SPLIT_PLAN.md	deep	RJ — Deep-read: the ~2,931-line module-split phase log (the ladder of B018-B020) is deleted as a historical layer; all current owners repoint to the DSL doc, guardrail spec, handoff and coordinator workflow; AGENTS rewrites its sbt invocation and cache-escalation rules.	T-15,T-16,T-44	E-0437,E-0438
cbb576b30a63b2234bfa1d9c3a60a2c11ef62abc	2026-07-09T20:15:17+02:00	docs/search/BEAUTYQ_NOMINAL_ID_REFACTOR.md;docs/search/CATALOG_DECLARATION_DERIVATION_HANDOFF.md	deep	RJ — Deep-read: the 27-hour-old nominal-ID refactor doc is deleted with a claim its durable facts are already retained in the handoff; new-domain guidance routed to NEW_DOMAIN_ONBOARDING.	T-29,T-44	E-0439,E-0532
6cf16f279b743e4d603a78f825850cd42734f35b	2026-07-09T20:23:53+02:00	docs/BEAUTYQ_QDRANT_SUPPLEMENT_LOCAL_GATE.md;docs/README.md;docs/SEARCH_SUPPLEMENT_ARCHITECTURE.md;docs/SEARCH_SUPPLEMENT_FUTURE_DOMAIN_GATE_TEMPLATE.md;docs/search/NEW_DOMAIN_ONBOARDING.md	deep	RJ — Deep-read: the future-domain gate template is retired and split between SEARCH_SUPPLEMENT_ARCHITECTURE (generic gate invariants plus two newly stated non-goals) and NEW_DOMAIN_ONBOARDING (checklist); the agent STATUS-report block has no named receiver.	T-23,T-44	E-0440
6885790d335403c8a85457a692dcd281db79f601	2026-07-09T20:29:59+02:00	docs/SEARCH_SUPPLEMENT_ARCHITECTURE.md;docs/search/NEW_DOMAIN_ONBOARDING.md	deep	RJ — Deep-read: six minutes later the pass-condition thresholds move from the onboarding checklist into the architecture doc as default pass/fail policy — a source-of-truth re-move within one work session.	T-23	E-0441
eac6fccd84e13a3e8fadfdc6ec004f55da29d6c3	2026-07-09T20:30:40+02:00	AGENTS.md;README.md;docs/BEAUTYQ_QDRANT_SUPPLEMENT_LOCAL_GATE.md;docs/README.md;docs/SEARCH_SUPPLEMENT_ARCHITECTURE.md;docs/SEARCH_SUPPLEMENT_FUTURE_DOMAIN_GATE_TEMPLATE.md;docs/beautyq-search-dsl-v1.md;docs/search/BEAUTYQ_NOMINAL_ID_REFACTOR.md;docs/search/BEAUTYQ_SEARCH_CONTRACT_MODULE_SPLIT_PLAN.md;docs/search/CATALOG_DECLARATION_DERIVATION_HANDOFF.md;docs/search/NEW_DOMAIN_ONBOARDING.md	duplicate	RJ — Non-primary branch-34534 snapshot squashing primary ordinals 493-499: proven by exact blob equality — its parent doc state equals the 492 state and its resulting doc tree equals ordinal 499 (6885790d) exactly; CM corroboration only: the commit message duplicates 493's full text verbatim, while the duplicate proof is the tree/blob equality; no documentary content beyond primary 489-499.	T-08,T-15,T-16,T-23,T-27,T-29,T-44	E-0442
66ac2ffd079da20e0dd05d2a07c74d45c0fa1854	2026-07-09T23:37:22+02:00	docs/beautyq-search-dsl-v1.md	deep	RJ — Deep-read: the DSL doc records a fluent SearchQuerySchema builder and rewrites its own Phase 31 future-decision condition into an now/pending split, keeping query names explicit strings rather than macro-derived — a normative DSL-ergonomics boundary change.	T-29	E-0443
ae54639453b3b1931ced39972713be9c2dc85d95	2026-07-09T23:46:15+02:00	docs/beautyq-search-dsl-v1.md	deep	RJ — Deep-read: a new front door BeautyQSearchDeclarations is declared the business-facing source of truth for catalog topology and public query schema, narrowing document/payload ownership elsewhere — a source-of-truth declaration in the current-state owner.	T-06,T-29	E-0444
e1a9f03a8204ef54d2f82cae5b2e88946816fdc8	2026-07-10T00:41:17+02:00	docs/SEARCH_SUPPLEMENT_ARCHITECTURE.md;docs/beautyq-search-dsl-v1.md	deep	RJ — Deep-read: the document contract is reorganized under BeautyQSearchDeclarations.VariantDocument across two docs within an hour, with the just-named BeautyQVariantSearchDocumentContract downgraded to a compatibility facade and all ownership statements rewritten in place.	T-06,T-27	E-0445
923cdfac7fb257be43ac4ed98fd787b5cbfe80ca	2026-07-10T11:05:25+02:00	docs/gen2/BEAUTYQ_SEARCH_GEN2_IMPLEMENTATION_PLAN.md;docs/gen2/BEAUTYQ_SEARCH_GEN2_REVIEW.md;docs/gen2/BEAUTYQ_SEARCH_GEN2_SEMANTICS_ADR.md;docs/gen2/BEAUTYQ_SEARCH_GEN2_TECHNICAL_SPEC.md	deep	RJ — Deep-read: four new docs/gen2 owners (~1,346 documentary lines) launch Search Gen2 — evidence-backed review, gap matrix, technical spec, iteration plan, semantics ADR — and re-characterize the just-assembled SearchDomainSpec as a lossy descriptive view rather than the executable root, reversing the closure framing of the module split.	T-06,T-31,T-37	E-0446,E-0527
44d734f050f4ff8e51e890e4c0321d4d15565c34	2026-07-10T12:59:10+02:00	README.md;docs/README.md;docs/gen2/BEAUTYQ_SEARCH_GEN2_IMPLEMENTATION_PLAN.md;docs/gen2/BEAUTYQ_SEARCH_GEN2_REVIEW.md;docs/gen2/BEAUTYQ_SEARCH_GEN2_SEMANTICS_ADR.md;docs/gen2/BEAUTYQ_SEARCH_GEN2_TECHNICAL_SPEC.md	deep	RJ — Deep-read: hours after launch, Gen2 is redefined from incremental slice migration to an approved side-by-side build with exactly one final cutover; the plan grows to ~970 lines with an authoritative Current implementation state section and brick model, README declares Gen2 the active project and demotes the just-written closeout/onboarding docs to reference material, and docs/README forbids independent status owners.	T-01,T-03,T-04,T-05,T-06,T-07,T-09,T-10,T-11,T-14,T-24,T-26,T-27,T-30,T-31,T-32,T-33,T-34,T-35,T-36,T-37,T-38,T-39,T-40	E-0447,E-0525,E-0526
56dc508660095c97dfa8334344819b82160ecd8f	2026-07-10T19:17:20+02:00	README.md;docs/gen2/BEAUTYQ_SEARCH_GEN2_IMPLEMENTATION_PLAN.md	semantic-scan	RJ — Diff read: first exercise of the live-status convention — plan status advances to Brick 0 completed/Brick 1 active in the build commit, and the README duplicate of the state block is deleted in favor of a pointer to the single authoritative owner.	T-04,T-31	E-0448
1c017f477528a4391e72a8737844e1d108db1605	2026-07-10T22:33:34+02:00	docs/gen2/BEAUTYQ_SEARCH_GEN2_IMPLEMENTATION_PLAN.md	semantic-scan	RJ — Diff read: same convention again — header flips implementation pending to in progress and the status section records Brick 1 completed with Brick 2 (stable identities, declaration root) active; the tag gen2-code pins this state.	T-31	E-0449
68edb064d64e2f11104e34a53ca2ff6c632473b7	2026-07-13T01:03:21+02:00	AGENTS.md;README.md;docs/README.md;docs/gen2/BEAUTYQ_SEARCH_GEN2_IMPLEMENTATION_PLAN.md;docs/gen2/BEAUTYQ_SEARCH_GEN2_REVIEW.md;docs/gen2/BEAUTYQ_SEARCH_GEN2_SEMANTICS_ADR.md;docs/gen2/BEAUTYQ_SEARCH_GEN2_TECHNICAL_SPEC.md;docs/gen2/SEARCH_GEN2_FRAMEWORK_SCOPE.md;docs/local/COORDINATOR_WORKFLOW_AND_PROMPTING.md;docs/search/NEW_DOMAIN_ONBOARDING.md	deep	RJ — Deep-read: on the develop-old lineage (R19/R27) the whole Gen2 doc set is (re)created in one commit with bricks 0-3 plus cross-cutting slices 3C-3G complete and Brick 4 active; new SEARCH_GEN2_FRAMEWORK_SCOPE living document calibrates kernel generality by an executable non-BeautyQ tracer and refuses narrow-disguised-as-general.	T-02,T-15,T-16,T-29,T-30,T-31	E-0450,E-0451,E-0452
85d834e6d8a3ffc6492889c4efdc0580d8d358c1	2026-07-13T11:45:23+02:00	docs/gen2/BEAUTYQ_SEARCH_GEN2_IMPLEMENTATION_PLAN.md;docs/gen2/SEARCH_GEN2_FRAMEWORK_SCOPE.md;docs/search/NEW_DOMAIN_ONBOARDING.md	deep	RJ — Deep-read: Brick 4D+4E completion recorded with the inbound-boundary section (server-only provenance, separate request/intent until 4F, no plan compiler), the plan's starting model rewritten, and its forbidden/allowed lists re-scoped from the same commit.	T-06,T-07	E-0453
164df98835d730ba65e16968a22d825f40050c4b	2026-07-13T12:26:16+02:00	docs/gen2/BEAUTYQ_SEARCH_GEN2_IMPLEMENTATION_PLAN.md;docs/gen2/BEAUTYQ_SEARCH_GEN2_REVIEW.md;docs/gen2/BEAUTYQ_SEARCH_GEN2_SEMANTICS_ADR.md;docs/gen2/BEAUTYQ_SEARCH_GEN2_TECHNICAL_SPEC.md;docs/search/NEW_DOMAIN_ONBOARDING.md	deep	RJ — Deep-read: the canonical business root renamed to BeautyQSearchDeclarations across all plan text with an Authoring facade state field and an explicit dependency-boundary sentence (materialization cannot nest under the root; not a second business root).	T-06,T-29	E-0454
8666a15a090b760327ab72a7fc6a073bbc0f07a5	2026-07-13T13:11:44+02:00	AGENTS.md;README.md;docs/README.md;docs/gen2/BEAUTYQ_SEARCH_GEN2_IMPLEMENTATION_PLAN.md;docs/gen2/BEAUTYQ_SEARCH_GEN2_TECHNICAL_SPEC.md;docs/gen2/SEARCH_GEN2_FRAMEWORK_SCOPE.md;docs/local/COORDINATOR_WORKFLOW_AND_PROMPTING.md;docs/search/CATALOG_DECLARATION_DERIVATION_HANDOFF.md;docs/BEAUTYQ_QDRANT_SUPPLEMENT_OPERATOR_CHECKLIST.md;docs/search/NEW_DOMAIN_ONBOARDING.md	deep	RJ — Deep-read: develop-old tip creates docs/search/DOMAIN_AUTHORING_PRINCIPLES.md as the normative repository-wide authoring/acceptance contract, rewrites AGENTS' DSL section to enforce it, mandates a five-line authoring result per brick, and deletes the days-old catalog handoff listing it under Removed historical layers with invariants retained in onboarding.	T-02,T-06,T-28,T-29,T-32,T-44	E-0455,E-0531,E-0533
40435a27efcf16e29ffded5dcc34d4e5c266770c	2026-07-13T14:13:26+02:00	docs/gen2/SEARCH_GEN2_FRAMEWORK_SCOPE.md	semantic-scan	RJ — Backup-ref (R01) feat commit on a readable-rewrite lineage: its only documentary change creates the framework-scope doc with a blob byte-identical to primary ordinal 511's final state — the composite of primary 508/509/511 content presented as one add; unique commit membership retained, no independent documentary substance. HI: branch-rewrite squashing evidence.	T-02	E-0456
826f9c3efcebfa45dcd3b055755bd5e3b51b2106	2026-07-13T14:13:26+02:00	AGENTS.md;README.md;docs/README.md;docs/gen2/BEAUTYQ_SEARCH_GEN2_IMPLEMENTATION_PLAN.md;docs/gen2/BEAUTYQ_SEARCH_GEN2_REVIEW.md;docs/gen2/BEAUTYQ_SEARCH_GEN2_SEMANTICS_ADR.md;docs/gen2/BEAUTYQ_SEARCH_GEN2_TECHNICAL_SPEC.md;docs/local/COORDINATOR_WORKFLOW_AND_PROMPTING.md;docs/search/CATALOG_DECLARATION_DERIVATION_HANDOFF.md;docs/search/DOMAIN_AUTHORING_PRINCIPLES.md;docs/search/NEW_DOMAIN_ONBOARDING.md	semantic-scan	RJ — Diff read of the backup-ref (R01) authoring-contract commit: its documentary result is byte-identical in-tree to primary-lineage ordinal 511's final state while arriving from a different rewritten base — a squash presentation of already-recorded 508-511 evolution; no new content. HI lineage note.	T-02,T-06,T-28,T-29,T-32,T-44	E-0457
c7e94589cce2c735c8eb44f86da14db8733e113c	2026-07-13T14:32:58+02:00	docs/gen2/BEAUTYQ_SEARCH_GEN2_IMPLEMENTATION_PLAN.md;docs/gen2/BEAUTYQ_SEARCH_GEN2_REVIEW.md;docs/gen2/BEAUTYQ_SEARCH_GEN2_SEMANTICS_ADR.md;docs/gen2/BEAUTYQ_SEARCH_GEN2_TECHNICAL_SPEC.md	duplicate	RJ — Proven duplicate of ordinal 504 (923cdfac): same parent e1a9f03a and byte-identical resulting doc tree (R02/R03 readable-rewrite presentation of the Gen2-launch docs); identical before/after documentary transition.	T-06,T-31,T-37	E-0458
34913ec489937cee8131964b984ce241749ab298	2026-07-13T14:34:33+02:00	AGENTS.md	semantic-scan	RJ — Diff read: AGENTS sbt-rule change presenting the sandbox-safe launcher/cache-escalation rules (same substance as E-0451's sbt portion on another lineage; this lineage lacks the Business-facing DSL section).	T-15,T-16	E-0459
b9518c38b7602bc482835b4727d78f6104fc4506	2026-07-13T14:35:56+02:00	AGENTS.md	semantic-scan	RJ — Diff read: AGENTS replaces Cleanup/reset with the Database schema and reset policy (same substance as E-0451's schema portion, split onto a feat commit in this lineage).	T-30	E-0459
343b5feee7648dc04edd0051cb17b5b5289c9acd	2026-07-13T14:45:56+02:00	docs/gen2/SEARCH_GEN2_FRAMEWORK_SCOPE.md	duplicate	RJ — Proven duplicate: its sole documentary change creates SEARCH_GEN2_FRAMEWORK_SCOPE.md with blob 7d0bc92c from absence — identical to ordinal 508's that-path transition; backup-rewrite (R02/R03) presentation.	T-02	E-0460
9caeb8a376246d4d52f690aff81801afcbdb34f7	2026-07-13T14:47:22+02:00	docs/gen2/BEAUTYQ_SEARCH_GEN2_IMPLEMENTATION_PLAN.md;docs/gen2/BEAUTYQ_SEARCH_GEN2_REVIEW.md;docs/gen2/BEAUTYQ_SEARCH_GEN2_SEMANTICS_ADR.md;docs/gen2/BEAUTYQ_SEARCH_GEN2_TECHNICAL_SPEC.md;docs/gen2/SEARCH_GEN2_FRAMEWORK_SCOPE.md;docs/search/NEW_DOMAIN_ONBOARDING.md	semantic-scan	RJ — Diff read: the R02/R03 rewrite collapses the develop-old brick 3-4 evolution into one docs state whose plan blob is byte-identical to primary ordinal 510's final plan — composite presentation of 505/509/510 content; no new substance.	T-01,T-03,T-04,T-05,T-06,T-07,T-09,T-10,T-11,T-14,T-24,T-26,T-27,T-29,T-30,T-31,T-32,T-33,T-34,T-35,T-36,T-37,T-38,T-39,T-40	E-0461
d0d4db49e32e88a75521ec4249c2fdb5d93e6ebe	2026-07-13T14:48:25+02:00	AGENTS.md;README.md;docs/README.md;docs/gen2/BEAUTYQ_SEARCH_GEN2_IMPLEMENTATION_PLAN.md;docs/gen2/BEAUTYQ_SEARCH_GEN2_TECHNICAL_SPEC.md;docs/gen2/SEARCH_GEN2_FRAMEWORK_SCOPE.md;docs/local/COORDINATOR_WORKFLOW_AND_PROMPTING.md;docs/search/CATALOG_DECLARATION_DERIVATION_HANDOFF.md;docs/search/DOMAIN_AUTHORING_PRINCIPLES.md;docs/search/NEW_DOMAIN_ONBOARDING.md	semantic-scan	RJ — Diff read: R02/R03 presentation of the authoring-principles establishment (E-0455 substance) atop the 518 base; same content, lineage-distinct transition. HI note.	T-02,T-06,T-28,T-29,T-32,T-44	E-0462
1fd8ee10a04e855f2552a550ee79c8a1702883d4	2026-07-13T15:12:41+02:00	docs/gen2/BEAUTYQ_SEARCH_GEN2_IMPLEMENTATION_PLAN.md;docs/gen2/BEAUTYQ_SEARCH_GEN2_REVIEW.md;docs/gen2/BEAUTYQ_SEARCH_GEN2_SEMANTICS_ADR.md;docs/gen2/BEAUTYQ_SEARCH_GEN2_TECHNICAL_SPEC.md;docs/gen2/SEARCH_GEN2_FRAMEWORK_SCOPE.md;docs/search/NEW_DOMAIN_ONBOARDING.md	semantic-scan	RJ — Diff read: the phrase "align architecture and onboarding with implemented Gen2" is the commit subject (CM-derived context, T012 relabel), while the proof is documentary: 1fd8ee10 converges the R02/R03 doc tree byte-identically to ordinal 518's state — another presentation step of the same composite.	T-01,T-03,T-04,T-05,T-06,T-07,T-09,T-10,T-11,T-14,T-24,T-26,T-27,T-29,T-30,T-31,T-32,T-33,T-34,T-35,T-36,T-37,T-38,T-39,T-40	E-0461
e5b6fcd3795e44f7dc43b0477a4435704d023f23	2026-07-13T15:12:49+02:00	AGENTS.md;README.md;docs/README.md;docs/gen2/BEAUTYQ_SEARCH_GEN2_IMPLEMENTATION_PLAN.md;docs/gen2/BEAUTYQ_SEARCH_GEN2_TECHNICAL_SPEC.md;docs/gen2/SEARCH_GEN2_FRAMEWORK_SCOPE.md;docs/local/COORDINATOR_WORKFLOW_AND_PROMPTING.md;docs/search/CATALOG_DECLARATION_DERIVATION_HANDOFF.md;docs/search/DOMAIN_AUTHORING_PRINCIPLES.md;docs/search/NEW_DOMAIN_ONBOARDING.md	duplicate	RJ — Proven duplicate of ordinal 519 (d0d4db49): byte-identical complete documentary trees (same tree object) with identical documentary content at their differing first parents (e5b6fcd3 ← 1fd8ee10; d0d4db49 ← 9caeb8a3), both presenting the same converged readable-rewrite state (R03 tip vs R02 tip of one series). T011 proof-wording fix: the earlier 'identical parent 9caeb8a3' was inaccurate; tree-equivalence basis and duplicate disposition unchanged.	T-02,T-06,T-28,T-29,T-32,T-44	E-0463
038606c7b0e8701be93eb87556a67ebf757ed12d	2026-07-13T15:57:45+02:00	AGENTS.md	duplicate	RJ — Proven duplicate of ordinal 515: identical AGENTS blob transition ec8e74b0->1cf071b5 in the primary-ancestor rewritten lineage; sole documentary substance equivalent.	T-15,T-16	E-0464
07ff5c7d312f45462979a2c89ccc44cd21a305e3	2026-07-13T15:57:45+02:00	AGENTS.md	duplicate	RJ — Proven duplicate of ordinal 516: identical AGENTS blob transition 1cf071b5->e465a285 in the primary-ancestor rewritten lineage.	T-30	E-0464
af28e77c9d431d6ac3beb40f9c409e5d83798481	2026-07-13T15:57:45+02:00	docs/gen2/BEAUTYQ_SEARCH_GEN2_IMPLEMENTATION_PLAN.md;docs/gen2/BEAUTYQ_SEARCH_GEN2_REVIEW.md;docs/gen2/BEAUTYQ_SEARCH_GEN2_SEMANTICS_ADR.md;docs/gen2/BEAUTYQ_SEARCH_GEN2_TECHNICAL_SPEC.md	duplicate	RJ — Proven duplicate of ordinal 504 (and 514): same parent e1a9f03a, byte-identical resulting doc tree, in the primary (R18) rewritten lineage; the Gen2 launch docs enter the mainline through this presentation.	T-06,T-31,T-37	E-0465
51756a6f7073e0d1a9e17c612e6bf58217823f1f	2026-07-13T15:57:46+02:00	docs/gen2/BEAUTYQ_SEARCH_GEN2_IMPLEMENTATION_PLAN.md;docs/gen2/BEAUTYQ_SEARCH_GEN2_REVIEW.md;docs/gen2/BEAUTYQ_SEARCH_GEN2_SEMANTICS_ADR.md;docs/gen2/BEAUTYQ_SEARCH_GEN2_TECHNICAL_SPEC.md;docs/gen2/SEARCH_GEN2_FRAMEWORK_SCOPE.md;docs/search/NEW_DOMAIN_ONBOARDING.md	semantic-scan	RJ — Diff read: primary-rewrite lineage doc-alignment commit converging the Gen2 docs onto the same final trees already recorded at ordinals 518/520; content equivalent, presentation replayed.	T-01,T-03,T-04,T-05,T-06,T-07,T-09,T-10,T-11,T-14,T-24,T-26,T-27,T-29,T-30,T-31,T-32,T-33,T-34,T-35,T-36,T-37,T-38,T-39,T-40	E-0466
6baaaea5accd0ad61683e99023f134aac15b2c19	2026-07-13T15:57:46+02:00	AGENTS.md;README.md;docs/README.md;docs/gen2/BEAUTYQ_SEARCH_GEN2_IMPLEMENTATION_PLAN.md;docs/gen2/BEAUTYQ_SEARCH_GEN2_TECHNICAL_SPEC.md;docs/gen2/SEARCH_GEN2_FRAMEWORK_SCOPE.md;docs/local/COORDINATOR_WORKFLOW_AND_PROMPTING.md;docs/search/CATALOG_DECLARATION_DERIVATION_HANDOFF.md;docs/search/DOMAIN_AUTHORING_PRINCIPLES.md;docs/search/NEW_DOMAIN_ONBOARDING.md	duplicate	RJ — Proven duplicate of ordinal 519: identical documentary before-state (518-tree) and identical after-state (511-tree, blob-equal across all paths) in the primary R18 lineage; the authoring-contract establishment entering the mainline rewrite.	T-02,T-06,T-28,T-29,T-32,T-44	E-0467
a37fa249324dc9971e828d9f661e57e586b912d7	2026-07-13T15:57:46+02:00	docs/gen2/SEARCH_GEN2_FRAMEWORK_SCOPE.md	duplicate	RJ — Proven duplicate of ordinal 517 (and 508's that-path transition): sole documentary change creates the framework-scope doc, absent at parent, with identical blob 7d0bc92c in the primary rewrite.	T-02	E-0468
5adb8ea92bdf68c61355804de6835e6d46b405a7	2026-07-14T00:19:11+02:00	AGENTS.md;docs/gen2/BEAUTYQ_SEARCH_GEN2_IMPLEMENTATION_PLAN.md;docs/gen2/BEAUTYQ_SEARCH_GEN2_SEMANTICS_ADR.md;docs/gen2/SEARCH_GEN2_FRAMEWORK_SCOPE.md;docs/local/COORDINATOR_WORKFLOW_AND_PROMPTING.md;docs/search/DOMAIN_AUTHORING_PRINCIPLES.md;docs/search/NEW_DOMAIN_ONBOARDING.md	deep	RJ — Deep-read: Brick 4A-4F completion recorded — plan algebra, SearchPlan/identity/cursor, and the precedence/geo/facet compilation kernel with neutral InventoryDocument/TrailDocument fixtures; variants.plan branch added; AGENTS gains the enum-toString stable-code rule; new mainline substance, not replay.	T-02,T-06,T-07,T-34,T-36	E-0469
78b855841e2f861a719285789912579d10008864	2026-07-14T13:50:59+02:00	AGENTS.md;docs/README.md;docs/gen2/BEAUTYQ_SEARCH_GEN2_IMPLEMENTATION_PLAN.md;docs/gen2/BEAUTYQ_SEARCH_GEN2_SEMANTICS_ADR.md;docs/gen2/SEARCH_GEN2_FRAMEWORK_SCOPE.md;docs/local/COORDINATOR_WORKFLOW_AND_PROMPTING.md;docs/search/DOMAIN_AUTHORING_PRINCIPLES.md;docs/search/NEW_DOMAIN_ONBOARDING.md	deep	RJ — Deep-read: Brick 4G-A completion recorded; AGENTS' enum rule retuned to protect typed stable IDs/active order; a candidate-policy worked example added to the principles doc — normative governance refinement with real mainline advance.	T-06,T-07,T-09,T-32	E-0470
71f6086495f819bd8e91a2297217cdaba64a82b9	2026-07-15T13:28:06+02:00	docs/README.md;docs/gen2/BEAUTYQ_SEARCH_GEN2_IMPLEMENTATION_PLAN.md;docs/gen2/BEAUTYQ_SEARCH_GEN2_SEMANTICS_ADR.md;docs/gen2/SEARCH_GEN2_FRAMEWORK_SCOPE.md;docs/local/COORDINATOR_WORKFLOW_AND_PROMPTING.md;docs/search/DOMAIN_AUTHORING_PRINCIPLES.md;docs/search/NEW_DOMAIN_ONBOARDING.md	deep	RJ — Deep-read: the framework-scope owner is stripped out of the doc network — pointer deleted, supported-shape claims reabsorbed into the technical spec, and an Open reusable-framework gaps ledger added inside the plan.	T-02,T-44	E-0471
3b271ae3fdb5763ca9296b3933e1338a2baa362f	2026-07-15T19:11:26+02:00	docs/gen2/BEAUTYQ_SEARCH_GEN2_IMPLEMENTATION_PLAN.md;docs/gen2/BEAUTYQ_SEARCH_GEN2_SEMANTICS_ADR.md	deep	RJ — Deep-read: 4G-B cursor/PlanIdentity brick closed and Brick 5 defined with fixed 5A-5D ownership/execution ordering.	T-11,T-36	E-0472
031c2c1e7a1d070dc46096f2d1a0356a91a6a90f	2026-07-16T02:04:28+02:00	docs/gen2/BEAUTYQ_SEARCH_GEN2_IMPLEMENTATION_PLAN.md;docs/gen2/BEAUTYQ_SEARCH_GEN2_SEMANTICS_ADR.md;docs/search/NEW_DOMAIN_ONBOARDING.md	deep	RJ — Deep-read: 5A recorded complete with framework-owned version constants (never domain constructor parameters) and one derived contract-fingerprint contribution replacing Map.empty.	T-11,T-40	E-0473
b23a1a667d30f905e606302b170890df8efb4274	2026-07-16T13:16:46+02:00	docs/gen2/BEAUTYQ_SEARCH_GEN2_IMPLEMENTATION_PLAN.md;docs/gen2/BEAUTYQ_SEARCH_GEN2_SEMANTICS_ADR.md;docs/local/COORDINATOR_WORKFLOW_AND_PROMPTING.md;docs/search/NEW_DOMAIN_ONBOARDING.md	deep	RJ — Deep-read: 5B gap-closure record (prepared-request trust, lifecycle authorization, typed decoding); 5A detail compressed; delegation prohibition restated.	T-40	E-0474
87f477964b0f9dd71137cf52c636ca250fda5f01	2026-07-16T21:36:25+02:00	docs/gen2/BEAUTYQ_SEARCH_GEN2_IMPLEMENTATION_PLAN.md;docs/gen2/BEAUTYQ_SEARCH_GEN2_SEMANTICS_ADR.md;docs/search/NEW_DOMAIN_ONBOARDING.md	deep	RJ — Deep-read: 5C implementation-present-under-review with an explicitly canceled resource proof kept active (no-fake-green), and Brick 8 ownership carve-out for loading/materializer execution.	T-15	E-0475
e3de586158fb4bde1d59f4c083fb1d99e11b5a34	2026-07-17T00:18:00+02:00	docs/README.md;docs/gen2/BEAUTYQ_SEARCH_GEN2_IMPLEMENTATION_PLAN.md;docs/gen2/BEAUTYQ_SEARCH_GEN2_PROMISE_AUDIT.md	deep	RJ — Deep-read: a 587-line promise audit creates an audit-gate owner blocking Brick 5D until fix-before-5D decisions close; dimensions, executive verdicts, D-05 owner-accepted evidence, and spec-truthfulness corrections.	T-02,T-06,T-15,T-31	E-0476,E-0528
f54a787eb33442dc1b8bd914d23aa40376fea908	2026-07-17T00:18:09+02:00	docs/README.md;docs/gen2/BEAUTYQ_SEARCH_GEN2_IMPLEMENTATION_PLAN.md;docs/gen2/BEAUTYQ_SEARCH_GEN2_SEMANTICS_ADR.md;docs/gen2/BEAUTYQ_SEARCH_GEN2_PROMISE_AUDIT.md;docs/search/NEW_DOMAIN_ONBOARDING.md	semantic-scan	RJ — Stash-ref-only divergent step: it removes the just-created audit gate from README and collapses the plan's brick records — a WIP rollback state that never reached mainline (mainline 537 equals 535's tree). HI: stash-lineage experiment, not a mainline decision.	T-04,T-15,T-31,T-44	E-0477
cc46a56a1ecbff9e90b00c88e22631bc85141c5c	2026-07-17T00:43:31+02:00	docs/README.md;docs/gen2/BEAUTYQ_SEARCH_GEN2_IMPLEMENTATION_PLAN.md;docs/gen2/BEAUTYQ_SEARCH_GEN2_PROMISE_AUDIT.md	duplicate	RJ — Proven duplicate of ordinal 535: same parent 87f47796 and byte-identical resulting doc tree; the audit gate re-committed to the mainline as a single "audit" commit.	T-02,T-06,T-15,T-31	E-0478
2349670b835537b798e804833eddac5a1f7588a3	2026-07-17T00:43:37+02:00	docs/README.md;docs/gen2/BEAUTYQ_SEARCH_GEN2_IMPLEMENTATION_PLAN.md;docs/gen2/BEAUTYQ_SEARCH_GEN2_PROMISE_AUDIT.md;docs/gen2/BEAUTYQ_SEARCH_GEN2_TECHNICAL_SPEC.md;docs/search/NEW_DOMAIN_ONBOARDING.md	deep	RJ — Deep-read: the promise audit (25 minutes old in mainline) is deleted and replaced by an executable pre-5D cleanup plan; materialization-boundary decision (no defensive construction framework for untrusted callers); new canonical reading path via wiring-owned BeautyQSearchGen2 facade.	T-06,T-15,T-38,T-44	E-0479
e70208d8509e6bcf181e3b5e04115fd27a5dc56d	2026-07-18T23:14:03+02:00	docs/gen2/BEAUTYQ_SEARCH_GEN2_IMPLEMENTATION_PLAN.md;docs/gen2/BEAUTYQ_SEARCH_GEN2_TECHNICAL_SPEC.md;docs/search/NEW_DOMAIN_ONBOARDING.md	deep	RJ — Deep-read: 5C-D generation-cleanup contract — exact validated names only, never wildcards/active target, typed observable failure, no rollback of the new active generation, KeepAll removed — a deletion-policy decision recorded in the plan and spec.	T-11,T-41	E-0480
6622da5befaf0f3f80b3945ecaaf939b68538e55	2026-07-19T07:17:15+02:00	docs/gen2/BEAUTYQ_SEARCH_GEN2_IMPLEMENTATION_PLAN.md;docs/gen2/BEAUTYQ_SEARCH_GEN2_TECHNICAL_SPEC.md;docs/search/NEW_DOMAIN_ONBOARDING.md	semantic-scan	RJ — 5C-E public-registry validation completed and the gate to Brick 5D opened; status advance within the established pattern.	T-15,T-40	E-0481
9c54260aeb357170449c8a2e23e07ce5588fa8e0	2026-07-19T16:24:50+02:00	docs/gen2/BEAUTYQ_SEARCH_GEN2_IMPLEMENTATION_PLAN.md;docs/gen2/BEAUTYQ_SEARCH_GEN2_SEMANTICS_ADR.md	deep	RJ — Deep-read: Brick 5D ownership split fixed — Elasticsearch owns composite traversal and typed group decoding, BeautyQ owns only final provider/service projection; 5D handoff replaces pre-5D sequence.	T-05,T-37,T-40	E-0482
d7dcafba898138e2150351f2c261f4fc841bc147	2026-07-19T16:25:39+02:00	docs/gen2/BEAUTYQ_SEARCH_GEN2_IMPLEMENTATION_PLAN.md;docs/gen2/BEAUTYQ_SEARCH_GEN2_SEMANTICS_ADR.md;docs/search/NEW_DOMAIN_ONBOARDING.md	semantic-scan	RJ — Sibling 6A presentation on R11 tip (different doc blobs from primary 543, same parent): alternative record of the pure Qdrant candidate vertical; the two blobs are the off-primary documentary substance noted in §A. HI alternative-presentation evidence.	T-07,T-15,T-31,T-40	E-0483
79f2cf47e171e57be2070a479c0e9359438e73c7	2026-07-19T20:19:32+02:00	docs/gen2/BEAUTYQ_SEARCH_GEN2_IMPLEMENTATION_PLAN.md;docs/gen2/BEAUTYQ_SEARCH_GEN2_SEMANTICS_ADR.md;docs/search/NEW_DOMAIN_ONBOARDING.md	semantic-scan	RJ — Primary-lineage 6A completion plus the 6B-A/6B-B/6C decomposition and Brick 7 sequencing — re-sequencing of planned work, no ownership change.	T-07,T-15,T-31,T-40	E-0483
89fdfa08e581c4053555642d9638c4b7abcd6441	2026-07-19T20:46:03+02:00	docs/gen2/BEAUTYQ_SEARCH_GEN2_IMPLEMENTATION_PLAN.md;docs/gen2/BEAUTYQ_SEARCH_GEN2_SEMANTICS_ADR.md	deep	RJ — Deep-read: 6B-A closed with the search-gen2-transport extraction boundary — neutral JSON/HTTP transport plus thin ES adapter, both backends depend on transport, core stays HTTP-free.	T-26	E-0484
ffbb9dc1d9115602513aa9090ec12df529241fb2	2026-07-19T22:19:24+02:00	docs/gen2/BEAUTYQ_SEARCH_GEN2_IMPLEMENTATION_PLAN.md;docs/gen2/BEAUTYQ_SEARCH_GEN2_SEMANTICS_ADR.md;docs/search/NEW_DOMAIN_ONBOARDING.md	deep	RJ — Deep-read: 6B-B convergent lifecycle/target-authorization record with the Qdrant 1.18.3-vs-Gen1-1.15.4 resource separation and alias-authorization boundary.	T-11,T-15,T-19,T-40,T-41	E-0485
2ee2f0847b3af717e6ba9b0827799460d5add12f	2026-07-20T00:48:38+02:00	docs/gen2/BEAUTYQ_SEARCH_GEN2_IMPLEMENTATION_PLAN.md;docs/gen2/BEAUTYQ_SEARCH_GEN2_SEMANTICS_ADR.md;docs/search/NEW_DOMAIN_ONBOARDING.md	deep	RJ — Deep-read: 6C hydration plus the audit-derived acceptance gate generalized to all remaining bricks; the canonical-path claim self-narrowed (6D must restore missing links before the path may again be called complete).	T-02,T-06,T-15	E-0486
b6e8f9594c47a79a9d9c11c8e98e77f90041618e	2026-07-20T01:16:51+02:00	docs/SEARCH_SUPPLEMENT_ARCHITECTURE.md;docs/gen2/BEAUTYQ_SEARCH_GEN2_IMPLEMENTATION_PLAN.md;docs/gen2/BEAUTYQ_SEARCH_GEN2_SEMANTICS_ADR.md;docs/search/NEW_DOMAIN_ONBOARDING.md	deep	RJ — Deep-read: 6D public filter declarations plus an ownership-boundary restatement in the supplement-architecture doc — physical-generation lifecycle moved out of supplement policy to the backend verticals.	T-07	E-0487
99b5bdd50fa8a36422f2baae2b75f02e1c8de69a	2026-07-20T15:03:37+02:00	docs/gen2/BEAUTYQ_SEARCH_GEN2_IMPLEMENTATION_PLAN.md;docs/gen2/BEAUTYQ_SEARCH_GEN2_SEMANTICS_ADR.md	deep	RJ — Deep-read: Brick 7 decomposed — 7A append-only supplement selection with lifecycle-bound baseline membership defined as a generic boundary before BeautyQ orchestration.	T-10	E-0488
c1436310cf25ab5d35c8fff8e288b2ceaa783d13	2026-07-21T21:36:58+02:00	docs/gen2/BEAUTYQ_SEARCH_GEN2_IMPLEMENTATION_PLAN.md;docs/gen2/BEAUTYQ_SEARCH_GEN2_SEMANTICS_ADR.md;docs/search/NEW_DOMAIN_ONBOARDING.md	deep	RJ — Deep-read: 7B orchestration completion — owner-private outcome vocabulary, typed supplement status, exact cause preservation, policy-owned readiness, and the real-resource gate held before Brick 8 acceptance.	T-10,T-15,T-18,T-24,T-25	E-0489
a03529598ff6cb3ef435ccef75481ffd5fbf037e	2026-07-22T12:20:42+02:00	AGENTS.md;README.md;docs/gen2/BEAUTYQ_SEARCH_GEN2_IMPLEMENTATION_PLAN.md;docs/gen2/BEAUTYQ_SEARCH_GEN2_TECHNICAL_SPEC.md;docs/search/NEW_DOMAIN_ONBOARDING.md	deep	RJ — Deep-read: AGENTS resource-backed-test DoD extended with the Scene.Managed Distage-endpoint-injection rule (no localhost hardcoding, cancellation only for external resources), and the plan declares the Gen2 route explicit opt-in only with the application composition bootstrap path.	T-13,T-15,T-31	E-0490
22effec9a7456567d53a86e73724cc895ae49383	2026-07-22T17:06:23+02:00	AGENTS.md;docs/gen2/BEAUTYQ_SEARCH_GEN2_IMPLEMENTATION_PLAN.md;docs/gen2/BEAUTYQ_SEARCH_GEN2_TECHNICAL_SPEC.md;docs/local/COORDINATOR_WORKFLOW_AND_PROMPTING.md	deep	RJ — Deep-read: managed Qdrant 1.18.3 shared across Gen1/Gen2 plus an AGENTS restructuring — the free-form Operating rules/Agent discipline blocks were reorganized into the current tagged Core-rules layout carried by this repo's harness AGENTS.	T-11,T-16	E-0491
350a650a2a6b9d25f43dc1a2d3537737217ff343	2026-07-22T22:33:27+02:00	AGENTS.md;docs/gen2/BEAUTYQ_SEARCH_GEN2_IMPLEMENTATION_PLAN.md;docs/gen2/BEAUTYQ_SEARCH_GEN2_TECHNICAL_SPEC.md;docs/local/COORDINATOR_WORKFLOW_AND_PROMPTING.md	deep	RJ — Deep-read: Brick 8B cutover evidence closed, and AGENTS gains the runtime model-tier tagging ([ALL]/[W]/[M]/[S]) with per-tier prompt/continuation/docs rules — process governance for model capability classes enters the standing rules.	T-15,T-16,T-31	E-0492
58d3653b95ab139fe9f006a8a61ce6c06a5bee06	2026-07-23T00:27:10+02:00	README.md;docs/BEAUTYQ_QDRANT_SUPPLEMENT_LOCAL_GATE.md;docs/SEARCH_SUPPLEMENT_ARCHITECTURE.md;docs/beautyq-search-dsl-v1.md;docs/gen2/BEAUTYQ_SEARCH_GEN2_IMPLEMENTATION_PLAN.md;docs/gen2/BEAUTYQ_SEARCH_GEN2_TECHNICAL_SPEC.md	deep	RJ — Deep-read: the atomic Brick 9 native Gen2 cutover — Gen1 stack removed including deletion of the supplement local-gate and supplement-architecture owners, with README/DSL docs rewritten to Gen2 reality: the largest documentary transition since the module split closed.	T-08,T-10,T-13,T-15,T-23,T-27,T-31,T-37	E-0493,E-0530
89f69706631681de9932fb35b7c89f17ae4ae96a	2026-07-23T15:44:18+02:00	README.md;docs/DISTAGE_HTTP_TESTING.md;docs/README.md;docs/beautyq-search-dsl-v1.md;docs/gen2/BEAUTYQ_SEARCH_GEN2_IMPLEMENTATION_PLAN.md;docs/gen2/BEAUTYQ_SEARCH_GEN2_TECHNICAL_SPEC.md;docs/search/NEW_DOMAIN_ONBOARDING.md	deep	RJ — Deep-read: cutover completion docs — the DSL v1 doc (Gen1 architecture owner) is deleted, README examples switch to structured Gen2 request bodies, retired pointers removed.	T-31,T-35	E-0494
1ca149e1d6d9f50b2722dc267f5b93f1099f1f6a	2026-07-23T21:30:07+02:00	README.md	duplicate	RJ — Proven duplicate of ordinal 556's README transition (identical seed-readiness note blob; sibling of the same parent 89f69706 on R08 tip d234234); its AGENTS blob equals parent.	T-01	E-0495
436fd34224e76931ca964f7a5a68521fdaf8d8d1	2026-07-23T21:57:47+02:00	AGENTS.md;README.md	deep	RJ — Deep-read: AGENTS readiness rule generalized to any readiness/seed/bootstrap-dependent read with the shared-root-does-not-order-siblings clause, plus the README seed-readiness DI-edge rationale.	T-01,T-38	E-0496,E-0513
581f8119290663a5962021a4aefa8196579182fc	2026-07-24T22:09:29+02:00	README.md;docs/README.md;docs/gen2/BEAUTYQ_SEARCH_GEN2_IMPLEMENTATION_PLAN.md;docs/gen2/BEAUTYQ_SEARCH_GEN2_TECHNICAL_SPEC.md;docs/search/DOMAIN_AUTHORING_PRINCIPLES.md;docs/search/NEW_DOMAIN_ONBOARDING.md	deep	RJ — Deep-read: the live-status implementation-plan owner (the ladder of B029-B032) is retired with Gen2 complete and frozen; ownership moves to the technical specification.	T-04,T-06,T-31,T-44	E-0497
09b02dcf13e0b224d0409a26d5074da7934be52a	2026-07-24T22:09:32+02:00	README.md;docs/DISTAGE_HTTP_TESTING.md;docs/README.md;docs/gen2/BEAUTYQ_SEARCH_GEN2_TECHNICAL_SPEC.md;docs/search/NEW_DOMAIN_ONBOARDING.md	deep	RJ — Deep-read: docs/README.md (the docs-map owner) and DISTAGE_HTTP_TESTING are deleted; README absorbs entry points and proof guidance.	T-04,T-44	E-0498
7454b2a8ed215bfa9b64b68a856e4eda7735ef15	2026-07-24T23:15:31+02:00	README.md;docs/gen2/BEAUTYQ_SEARCH_GEN2_SEMANTICS_ADR.md;docs/gen2/BEAUTYQ_SEARCH_GEN2_TECHNICAL_SPEC.md;docs/search/DOMAIN_AUTHORING_PRINCIPLES.md;docs/search/NEW_DOMAIN_ONBOARDING.md	deep	RJ — Deep-read: the standalone semantics ADR is retired with its accepted decisions folded into the technical specification.	T-04,T-32,T-33,T-34,T-36,T-44	E-0499
1b3bac45c6f5538278d289303f1e94b7f7633be8	2026-07-27T14:23:35+02:00	README.md;docs/gen2/BEAUTYQ_SEARCH_GEN2_POST_CUTOVER_PLAN.md;docs/gen2/BEAUTYQ_SEARCH_GEN2_TECHNICAL_SPEC.md;docs/search/NEW_DOMAIN_ONBOARDING.md	deep	RJ — Deep-read: a new post-cutover plan owner is created and README's frozen-complete status reopens to frozen architecture plus approved unimplemented work.	T-04,T-31	E-0500
afbc03c743ec60475ff57044418a269d37b65f7d	2026-07-27T17:27:17+02:00	README.md;docs/gen2/BEAUTYQ_SEARCH_GEN2_POST_CUTOVER_PLAN.md;docs/gen2/BEAUTYQ_SEARCH_GEN2_TECHNICAL_SPEC.md;docs/search/NEW_DOMAIN_ONBOARDING.md	deep	RJ — Deep-read: search-gen2-eval module ownership added to the spec module table and the canonical corpus move recorded; Q1 marked completed in the post-cutover plan.	T-17,T-31,T-39	E-0501
86975cb2c062bfca692a44329d8cf0236282fdea	2026-07-31T17:27:33+02:00	README.md;docs/gen2/BEAUTYQ_SEARCH_GEN2_OPERATIONS.md;docs/gen2/BEAUTYQ_SEARCH_GEN2_POST_CUTOVER_PLAN.md;docs/gen2/BEAUTYQ_SEARCH_GEN2_TECHNICAL_SPEC.md	deep	RJ — Deep-read: new operations runbook owner with the SupplementStartupPolicy required/preferred/disabled contract, operator status endpoint, and restart-only recovery.	T-12,T-19,T-24,T-25,T-31	E-0502
a67d914397fccd42698552fb2cda7aa2f9b1ccfa	2026-07-31T18:10:33+02:00	README.md;docs/gen2/BEAUTYQ_SEARCH_GEN2_POST_CUTOVER_PLAN.md;docs/gen2/BEAUTYQ_SEARCH_GEN2_TECHNICAL_SPEC.md	semantic-scan	RJ — Post-cutover status-ladder step (Q2 measured report live, red gate disclosed).	T-31,T-42	E-0503
98a06b6dc508c5b0a47f0cc6e12c9ce9d92becc8	2026-07-31T19:36:12+02:00	README.md;docs/gen2/BEAUTYQ_SEARCH_GEN2_OPERATIONS.md;docs/gen2/BEAUTYQ_SEARCH_GEN2_POST_CUTOVER_PLAN.md;docs/gen2/BEAUTYQ_SEARCH_GEN2_TECHNICAL_SPEC.md;docs/search/NEW_DOMAIN_ONBOARDING.md	semantic-scan	RJ — O1 complete; startup-control wording updated to the shipped default-required supplement policy.	T-24,T-31	E-0503
803128c8e9e6a8f08397bf6b2110e5d82109c0fa	2026-07-31T23:23:16+02:00	README.md;docs/gen2/BEAUTYQ_SEARCH_GEN2_POST_CUTOVER_PLAN.md;docs/gen2/BEAUTYQ_SEARCH_GEN2_TECHNICAL_SPEC.md	semantic-scan	RJ — Q2 visible intent correction proved through the 89-case managed run.	T-31,T-42	E-0503
d109a35c3bf0e28526f8eb8cdb6bf26bd9d81a5b	2026-08-01T17:26:07+02:00	README.md;docs/gen2/BEAUTYQ_SEARCH_GEN2_OPERATIONS.md;docs/gen2/BEAUTYQ_SEARCH_GEN2_POST_CUTOVER_PLAN.md;docs/gen2/BEAUTYQ_SEARCH_GEN2_TECHNICAL_SPEC.md;docs/search/NEW_DOMAIN_ONBOARDING.md	semantic-scan	RJ — Honest-gap disclosure: protected-acceptance corpus/policy absent from checkout; manual runbook section added.	T-31,T-42	E-0503
18d5046cd9dafb594724c1a3efbab62c78b11801	2026-08-01T20:58:31+02:00	README.md;docs/gen2/BEAUTYQ_SEARCH_GEN2_OPERATIONS.md;docs/gen2/BEAUTYQ_SEARCH_GEN2_POST_CUTOVER_PLAN.md;docs/gen2/BEAUTYQ_SEARCH_GEN2_TECHNICAL_SPEC.md	semantic-scan	RJ — Accepted-baseline bootstrap/verify owners recorded implemented with pending protected inputs.	T-31,T-42	E-0503
fec552dc72f262280e197ddd45bf7976652ac626	2026-08-02T14:31:42+02:00	README.md;docs/gen2/BEAUTYQ_SEARCH_GEN2_OPERATIONS.md;docs/gen2/BEAUTYQ_SEARCH_GEN2_POST_CUTOVER_PLAN.md;docs/search/NEW_DOMAIN_ONBOARDING.md	semantic-scan	RJ — Q2-I protected inputs authored/audited/frozen with a Q2-A audit requirement and no-external-reviewer decision.	T-31,T-42	E-0503
9120c666502967196581b4af45ca1cafef742d17	2026-08-02T17:58:48+02:00	README.md;docs/gen2/BEAUTYQ_SEARCH_GEN2_OPERATIONS.md;docs/gen2/BEAUTYQ_SEARCH_GEN2_POST_CUTOVER_PLAN.md	semantic-scan	RJ — Q2-A recovery-wave scope-drift audit completed (no Gen1 reintroduction).	T-31,T-42	E-0503
a1123a049113f10d5002e915605d5e9b4841c3bb	2026-08-02T23:52:47+02:00	README.md;docs/gen2/BEAUTYQ_SEARCH_GEN2_OPERATIONS.md;docs/gen2/BEAUTYQ_SEARCH_GEN2_POST_CUTOVER_PLAN.md	semantic-scan	RJ — Private-input durability semantics: disposable local copy must be restored from operator storage.	T-42,T-43	E-0503
e2c17cd75c7f6075ffb71f4ed8eaabea2af18b66	2026-08-03T10:14:29+02:00	README.md;docs/gen2/BEAUTYQ_SEARCH_GEN2_OPERATIONS.md;docs/gen2/BEAUTYQ_SEARCH_GEN2_POST_CUTOVER_PLAN.md;docs/gen2/BEAUTYQ_SEARCH_GEN2_TECHNICAL_SPEC.md	semantic-scan	RJ — Protected inputs tracked as canonical eval resources.	T-42,T-43	E-0503
a50ba00bfea91358e20dae0d8f2a9d6177dc7a39	2026-08-03T20:43:01+02:00	README.md;docs/gen2/BEAUTYQ_SEARCH_GEN2_OPERATIONS.md;docs/gen2/BEAUTYQ_SEARCH_GEN2_POST_CUTOVER_PLAN.md;docs/gen2/BEAUTYQ_SEARCH_GEN2_TECHNICAL_SPEC.md;docs/search/NEW_DOMAIN_ONBOARDING.md	semantic-scan	RJ — Q2-B execution red on the protected exact-intent slice; break-glass path introduced as pending decision.	T-31,T-42	E-0503
655ebd9d21920d0b03c08df487acc8b4bd0db590	2026-08-04T00:15:17+02:00	README.md;docs/gen2/BEAUTYQ_SEARCH_GEN2_OPERATIONS.md;docs/gen2/BEAUTYQ_SEARCH_GEN2_POST_CUTOVER_PLAN.md;docs/gen2/BEAUTYQ_SEARCH_GEN2_TECHNICAL_SPEC.md	deep	RJ — Deep-read: the explicitly authorized break-glass correction permanently migrated seven disclosed failures into visible regression evidence with a 96-case/288-execution green run — the acceptance-governance disclosure decision.	T-42	E-0504
718660275e72b287c24aec494c174c3d3a55bef0	2026-08-04T02:03:29+02:00	README.md;docs/gen2/BEAUTYQ_SEARCH_GEN2_OPERATIONS.md;docs/gen2/BEAUTYQ_SEARCH_GEN2_POST_CUTOVER_PLAN.md;docs/gen2/BEAUTYQ_SEARCH_GEN2_TECHNICAL_SPEC.md	semantic-scan	RJ — Second authorized disclosure after the first correction failed to generalize to the replenished holdout; four more migrations.	T-42	E-0504
eeccefe8bde82a1ac93f426aa4e58cf936178640	2026-08-04T13:57:40+02:00	README.md;docs/gen2/BEAUTYQ_SEARCH_GEN2_OPERATIONS.md;docs/gen2/BEAUTYQ_SEARCH_GEN2_POST_CUTOVER_PLAN.md;docs/gen2/BEAUTYQ_SEARCH_GEN2_TECHNICAL_SPEC.md	semantic-scan	RJ — Structural normalization/transliteration correction with a 100-case green run; status restated.	T-31,T-42	E-0503
54e488690124c69f87f82346de3a9e1e300db49c	2026-08-05T13:16:16+02:00	README.md;docs/gen2/BEAUTYQ_SEARCH_GEN2_OPERATIONS.md;docs/gen2/BEAUTYQ_SEARCH_GEN2_POST_CUTOVER_PLAN.md;docs/gen2/BEAUTYQ_SEARCH_GEN2_TECHNICAL_SPEC.md	semantic-scan	RJ — Q2 convergence recovery closed with a rebuilt 24-case protected holdout; README/plan status rewrote the Q2 narrative to the recovery boundary.	T-42	E-0505
1268e05d72ea9831a73addefd170901828ea0d96	2026-08-05T17:01:23+02:00	README.md;docs/gen2/BEAUTYQ_SEARCH_GEN2_OPERATIONS.md;docs/gen2/BEAUTYQ_SEARCH_GEN2_POST_CUTOVER_PLAN.md;docs/gen2/BEAUTYQ_SEARCH_GEN2_TECHNICAL_SPEC.md	semantic-scan	RJ — Reserve rotation after post-recovery disclosure; five cycles/35 migrated cases counted in plan status.	T-42	E-0505
440fdf2827a880ea02c36fb3044c18d1b1874c23	2026-08-05T18:00:54+02:00	README.md;docs/gen2/BEAUTYQ_SEARCH_GEN2_OPERATIONS.md;docs/gen2/BEAUTYQ_SEARCH_GEN2_POST_CUTOVER_PLAN.md;docs/gen2/BEAUTYQ_SEARCH_GEN2_REVIEW.md;docs/gen2/BEAUTYQ_SEARCH_GEN2_TECHNICAL_SPEC.md;docs/local/COORDINATOR_WORKFLOW_AND_PROMPTING.md;docs/search/NEW_DOMAIN_ONBOARDING.md	deep	RJ — Deep-read: documentation ownership consolidated before recovery — README pointers collapsed, the architecture review demoted to historical-material with an explicit not-current-guidance label.	T-04	E-0507
4e3f6aed518a3d86d8336e4b575edee7012832e9	2026-08-06T10:19:30+02:00	docs/gen2/BEAUTYQ_SEARCH_GEN2_OPERATIONS.md;docs/gen2/BEAUTYQ_SEARCH_GEN2_POST_CUTOVER_PLAN.md	semantic-scan	RJ — Rotation-2 status plus the audit-output move from target/... to repository-local .evidence-runs paths.	T-42,T-43	E-0506
215873433962b4814f989c3b103e250a410201b5	2026-08-08T08:38:47+02:00	docs/gen2/BEAUTYQ_SEARCH_GEN2_POST_CUTOVER_PLAN.md;docs/local/COORDINATOR_WORKFLOW_AND_PROMPTING.md	semantic-scan	RJ — Rotation-3: tracked-presence caveats and disposable-directory semantics restated.	T-42	E-0505
f8f31f1287f866f92cb735e39bac72ebe373c4ee	2026-08-09T02:38:41+02:00	docs/gen2/BEAUTYQ_SEARCH_GEN2_POST_CUTOVER_PLAN.md;docs/local/COORDINATOR_WORKFLOW_AND_PROMPTING.md	deep	RJ — Deep-read: coordinator governance rewritten — bundle scripts must not mutate repository state and no-/tmp-for-evidence replaced by repository-local evidence rules alongside rotation 4.	T-16,T-42,T-43	E-0506
3c4ca064e378052367106fa934d32a04ea32c19e	2026-08-10T18:51:13+02:00	docs/gen2/BEAUTYQ_SEARCH_GEN2_POST_CUTOVER_PLAN.md;docs/local/COORDINATOR_WORKFLOW_AND_PROMPTING.md	deep	RJ — Deep-read: coordinator/delegated-agent ownership lines re-cut (evidence capture added to coordinator; delegated agents narrowed to bounded tracked edits plus their own focused validation) with rotation-5 freeze status.	T-16,T-42,T-43	E-0506
a11cf3bff31e34cfdf7cab70caeddb4c5f9963a9	2026-08-11T09:19:30+02:00	docs/gen2/BEAUTYQ_SEARCH_GEN2_POST_CUTOVER_PLAN.md	semantic-scan	RJ — Rotation-6 authorization materialized with disclosure/recovery/replenishment pending.	T-42	E-0505
ea9713e1390c505aa62df9825ba6c1dd14bbb8f4	2026-08-11T09:42:47+02:00	docs/gen2/BEAUTYQ_SEARCH_GEN2_OPERATIONS.md;docs/gen2/BEAUTYQ_SEARCH_GEN2_POST_CUTOVER_PLAN.md;docs/gen2/BEAUTYQ_SEARCH_GEN2_TECHNICAL_SPEC.md	deep	RJ — Deep-read: the five versioned protected inputs were consolidated as canonical test-resource ownership with audit-reproduction requirements on any change.	T-42	E-0508
ebb2a7a2f32dcf428d9a7d2ecca52525c1752863	2026-08-11T16:10:15+02:00	docs/gen2/BEAUTYQ_SEARCH_GEN2_POST_CUTOVER_PLAN.md	semantic-scan	RJ — Rotation-6 materialization status; freeze-before-acceptance rule restated.	T-42	E-0505
bd986063397c725e14d604b27661c86aa9af1503	2026-08-11T18:05:26+02:00	docs/gen2/BEAUTYQ_SEARCH_GEN2_POST_CUTOVER_PLAN.md	semantic-scan	RJ — Rotation-6 status stabilized to freeze-complete; recovery wording generalized to the latest completed bounded recovery.	T-42	E-0505
05392db3b56e5e953ad2ea5dfa38df352c868839	2026-08-20T11:23:58+02:00	README.md;docs/gen2/BEAUTYQ_SEARCH_GEN2_OPERATIONS.md;docs/gen2/BEAUTYQ_SEARCH_GEN2_POST_CUTOVER_PLAN.md;docs/gen2/BEAUTYQ_SEARCH_GEN2_REVIEW.md;docs/gen2/BEAUTYQ_SEARCH_GEN2_SIMPLIFICATION_PLAN.md;docs/gen2/BEAUTYQ_SEARCH_GEN2_TECHNICAL_SPEC.md;docs/local/COORDINATOR_WORKFLOW_AND_PROMPTING.md;docs/search/DOMAIN_AUTHORING_PRINCIPLES.md;docs/search/NEW_DOMAIN_ONBOARDING.md	deep	RJ — Deep-read: final current-document consolidation, historical Gen2 review retirement, an explicitly unapproved post-Q2 simplification proposal, and clarified still-open Q2-B/Q2-C plus deferred D1. T015 bounded reopen corrected E-0509 and added E-0519–E-0524; candidate/disposition unchanged.	T-02,T-04,T-10,T-12,T-16,T-23,T-26,T-31,T-33,T-37,T-38,T-39,T-42,T-43,T-44	E-0509,E-0519,E-0520,E-0521,E-0522,E-0523,E-0524,E-0534
